rating_stars,number_of_reviews,bought_last_month,original_mrp,discount%,free_delivery,storage_in_GB,RAM_in_GB,brand_apple,brand_oneplus,brand_oppo,brand_realme,brand_samsung,brand_vivo,brand_xiaomi,color_Black,color_Black Titanium,color_Blue,color_Blue Titanium,color_Desert Titanium,color_Gold,color_Graphite,color_Gray,color_Green,color_Midnight,color_Natural Titanium,color_Pacific Blue,color_Pink,color_Purple,color_Red,color_Silver,color_Space Black,color_Starlight,color_Teal,color_Ultramarine,color_White,color_White Titanium,color_Yellow
0.75,-0.1773996831749573,-0.28737588517308993,0.47137686525092565,-0.446154,-1,-0.6589744436774078,-0.6535723102362648,1,0,0,0,0,0,0,0,0,0,0,0,0,0,0,1,0,0,0,0,0,0,0,0,0,0,0,0,0,0
0.7,-0.17767573386708652,-0.37072693146886204,0.46497954256833607,-0.476923,-1,-0.6589744436774078,-0.6535723102362648,1,0,0,0,0,0,0,0,0,0,0,0,0,0,0,0,0,0,0,1,0,0,0,0,0,0,0,0,0,0
0.75,0.34723465721660063,3.713474337023972,0.04488868641161921,-0.261538,-1,-0.6589744436774078,-0.6535723102362648,1,0,0,0,0,0,0,0,0,0,0,0,0,0,0,0,0,0,0,0,0,0,0,0,1,0,0,0,0,0
0.75,0.264074386212677,3.713474337023972,0.038491363729029615,-0.261538,-1,-0.6589744436774078,-0.6535723102362648,1,0,0,0,0,0,0,0,0,0,0,0,0,0,0,0,1,0,0,0,0,0,0,0,0,0,0,0,0,0
0.75,0.024048309406331507,3.713474337023972,0.04488868641161921,-0.261538,-1,-0.6589744436774078,-0.6535723102362648,1,0,0,0,0,0,0,0,0,0,0,0,0,0,0,0,0,0,0,1,0,0,0,0,0,0,0,0,0,0
0.75,-0.18692343205341494,-0.037322746285773555,0.47137686525092565,-0.938462,-1,-0.6589744436774078,0.1600031796843969,1,0,0,0,0,0,0,1,0,0,0,0,0,0,0,0,0,0,0,0,0,0,0,0,0,0,0,0,0,0
0.75,-0.14841436050139056,-0.037322746285773555,0.46497954256833607,-0.476923,-1,-0.6589744436774078,-0.6535723102362648,1,0,0,0,0,0,0,0,0,1,0,0,0,0,0,0,0,0,0,0,0,0,0,0,0,0,0,0,0,0
0.75,-0.18692343205341494,-0.037322746285773555,0.47137686525092565,-0.907692,-1,-0.6589744436774078,0.1600031796843969,1,0,0,0,0,0,0,0,0,0,0,0,0,0,0,0,0,0,0,0,0,0,0,0,0,0,1,0,0,0
0.8,-0.17608844238734356,-0.12067379258154567,0.6782236319879893,-0.323077,-1,-0.6589744436774078,-0.6535723102362648,1,0,0,0,0,0,0,0,0,1,0,0,0,0,0,0,0,0,0,0,0,0,0,0,0,0,0,0,0,0
0.75,-0.07919464944999191,-0.28737588517308993,0.25173545314868284,-0.353846,-1,-0.6589744436774078,-0.6535723102362648,1,0,0,0,0,0,0,0,0,1,0,0,0,0,0,0,0,0,0,0,0,0,0,0,0,0,0,0,0,0
0.75,0.24399169836027718,3.713474337023972,0.038491363729029615,-0.261538,-1,-0.6589744436774078,-0.6535723102362648,1,0,0,0,0,0,0,0,0,1,0,0,0,0,0,0,0,0,0,0,0,0,0,0,0,0,0,0,0,0
0.8,-0.14468767615764627,-0.12067379258154567,0.46497954256833607,-0.476923,-1,-0.6589744436774078,-0.6535723102362648,1,0,0,0,0,0,0,1,0,0,0,0,0,0,0,0,0,0,0,0,0,0,0,0,0,0,0,0,0,0
0.75,-0.05000228875732827,-0.037322746285773555,0.2581327758312724,0.076923,-1,-0.6589744436774078,-0.6535723102362648,1,0,0,0,0,0,0,1,0,0,0,0,0,0,0,0,0,0,0,0,0,0,0,0,0,0,0,0,0,0
0.75,-0.03764902028454625,2.8799638740662505,0.04488868641161921,-0.261538,-1,-0.6589744436774078,-0.6535723102362648,1,0,0,0,0,0,0,0,0,0,0,0,0,0,0,1,0,0,0,0,0,0,0,0,0,0,0,0,0,0
0.4,-0.18933887560954551,-0.37072693146886204,1.5375973123491917,-1.0,-1,0.3369567054572136,0.1600031796843969,1,0,0,0,0,0,0,0,0,0,0,0,0,0,0,0,0,0,0,0,0,0,0,0,0,0,0,0,1,0
1.0,-0.19189234451174067,-0.28737588517308993,1.8593826432834484,-1.0,-1,0.3369567054572136,0.1600031796843969,1,0,0,0,0,0,0,0,0,0,0,0,0,0,0,0,0,1,0,0,0,0,0,0,0,0,0,0,0,0
0.8,-0.1740870748694068,-0.28737588517308993,0.6782236319879893,-0.323077,-1,-0.6589744436774078,-0.6535723102362648,1,0,0,0,0,0,0,1,0,0,0,0,0,0,0,0,0,0,0,0,0,0,0,0,0,0,0,0,0,0
0.4,-0.18933887560954551,-0.28737588517308993,1.3243532229295385,-1.0,-1,-0.6589744436774078,0.1600031796843969,1,0,0,0,0,0,0,0,0,0,0,0,0,0,0,0,0,1,0,0,0,0,0,0,0,0,0,0,0,0
0.4,-0.18933887560954551,-0.28737588517308993,1.3243532229295385,-1.0,-1,-0.6589744436774078,0.1600031796843969,1,0,0,0,0,0,0,0,0,0,0,0,0,0,0,0,0,1,0,0,0,0,0,0,0,0,0,0,0,0
0.75,-0.18692343205341494,-0.37072693146886204,0.47137686525092565,-0.907692,-1,-0.6589744436774078,0.1600031796843969,1,0,0,0,0,0,0,0,0,0,0,0,0,0,0,0,0,0,0,1,0,0,0,0,0,0,0,0,0,0
0.75,-0.18692343205341494,-0.2040248388773178,0.47137686525092565,-0.938462,-1,-0.6589744436774078,0.1600031796843969,1,0,0,0,0,0,0,0,0,0,0,0,0,0,0,0,0,0,0,0,0,0,0,0,0,1,0,0,0,0
0.25,-0.19209938253083758,-0.41240245461674807,1.8574634464786715,-1.0,-1,0.3369567054572136,0.1600031796843969,1,0,0,0,0,0,0,0,0,0,0,0,0,0,0,0,0,0,0,0,0,0,0,0,0,0,0,0,1,0
0.65,-0.18713047007251185,-0.41240245461674807,2.177329580608151,-0.415385,-1,0.3369567054572136,-0.6535723102362648,1,0,0,0,0,0,0,0,1,0,0,0,0,0,0,0,0,0,0,0,0,0,0,0,0,0,0,0,0,0
1.0,-0.19216839520386989,-0.45407797776463416,2.283951625317978,-1.0,-1,2.3288190037264562,0.1600031796843969,1,0,0,0,0,0,0,0,1,0,0,0,0,0,0,0,0,0,0,0,0,0,0,0,0,0,0,0,0,0
0.55,-0.18871776155225478,-0.37072693146886204,0.6846209546705788,-0.907692,-1,-0.6589744436774078,0.1600031796843969,1,0,0,0,0,0,0,1,0,0,0,0,0,0,0,0,0,0,0,0,0,0,0,0,0,0,0,0,0,0
0.75,-0.1773996831749573,-0.37072693146886204,0.47137686525092565,-0.446154,-1,-0.6589744436774078,-0.6535723102362648,1,0,0,0,0,0,0,0,0,0,0,0,0,0,0,1,0,0,0,0,0,0,0,0,0,0,0,0,0,0
0.55,-0.18871776155225478,-0.41240245461674807,0.897865044090232,-0.938462,-1,0.3369567054572136,0.1600031796843969,1,0,0,0,0,0,0,1,0,0,0,0,0,0,0,0,0,0,0,0,0,0,0,0,0,0,0,0,0,0
0.75,-0.16456332599094917,-0.037322746285773555,0.2581327758312724,-0.353846,-1,0.3369567054572136,-0.6535723102362648,1,0,0,0,0,0,0,0,0,0,0,0,0,0,0,0,0,0,0,1,0,0,0,0,0,0,0,0,0,0
0.75,-0.1338526864915749,-0.37072693146886204,0.25173545314868284,-0.353846,-1,-0.6589744436774078,-0.6535723102362648,1,0,0,0,0,0,0,0,0,0,0,0,0,0,0,0,0,0,0,0,1,0,0,0,0,0,0,0,0,0
0.8,-0.1856812039388335,-0.37072693146886204,0.6782236319879893,-0.323077,-1,-0.6589744436774078,-0.6535723102362648,1,0,0,0,0,0,0,0,0,0,0,0,0,0,0,0,0,0,0,1,0,0,0,0,0,0,0,0,0,0
1.0,-0.19230642054993446,-0.45407797776463416,1.1111091335098853,-0.569231,-1,2.3288190037264562,-0.6535723102362648,1,0,0,0,0,0,0,0,0,0,0,0,0,0,0,0,0,0,0,0,0,0,0,0,0,0,0,0,0,1
0.7,-0.18022920276928167,-0.28737588517308993,0.6782236319879893,-0.538462,-1,0.3369567054572136,-0.6535723102362648,1,0,0,0,0,0,0,0,0,1,0,0,0,0,0,0,0,0,0,0,0,0,0,0,0,0,0,0,0,0
0.8,-0.18630231799612423,-0.45407797776463416,2.051515567850556,-0.507692,-1,0.3369567054572136,-0.6535723102362648,1,0,0,0,0,0,0,0,0,0,0,0,0,0,0,0,0,1,0,0,0,0,0,0,0,0,0,0,0,0
0.75,-0.154004387017007,0.37943248519308703,0.25173545314868284,-0.353846,-1,0.3369567054572136,-0.6535723102362648,1,0,0,0,0,0,0,0,0,0,0,0,0,0,0,0,1,0,0,0,0,0,0,0,0,0,0,0,0,0
0.9,-0.19113320510838536,-0.45407797776463416,0.6846209546705788,-0.507692,-1,0.3369567054572136,-0.6535723102362648,1,0,0,0,0,0,0,0,0,0,0,0,0,0,0,0,0,0,0,0,0,0,0,0,0,0,0,0,0,1
0.75,-0.18692343205341494,-0.37072693146886204,0.6846209546705788,-1.0,-1,0.3369567054572136,0.1600031796843969,1,0,0,0,0,0,0,1,0,0,0,0,0,0,0,0,0,0,0,0,0,0,0,0,0,0,0,0,0,0
0.7,-0.18022920276928167,-0.28737588517308993,0.6782236319879893,-0.538462,-1,0.3369567054572136,-0.6535723102362648,1,0,0,0,0,0,0,0,0,1,0,0,0,0,0,0,0,0,0,0,0,0,0,0,0,0,0,0,0,0
0.75,-0.18692343205341494,-0.37072693146886204,0.6846209546705788,-1.0,-1,0.3369567054572136,0.1600031796843969,1,0,0,0,0,0,0,0,0,0,0,0,0,0,0,0,0,0,0,0,0,0,0,0,0,0,1,0,0,0
0.8,-0.1856812039388335,-0.37072693146886204,0.6782236319879893,-0.323077,-1,-0.6589744436774078,-0.6535723102362648,1,0,0,0,0,0,0,0,0,0,0,0,0,0,0,0,0,0,0,1,0,0,0,0,0,0,0,0,0,0
0.75,-0.177330670501925,-0.28737588517308993,0.6782236319879893,-0.569231,-1,0.3369567054572136,-0.6535723102362648,1,0,0,0,0,0,0,1,0,0,0,0,0,0,0,0,0,0,0,0,0,0,0,0,0,0,0,0,0,0
0.75,-0.18692343205341494,-0.41240245461674807,0.6846209546705788,-1.0,-1,0.3369567054572136,0.1600031796843969,1,0,0,0,0,0,0,0,0,0,0,0,0,0,0,0,0,0,0,0,0,0,0,0,0,1,0,0,0,0
0.55,-0.18871776155225478,-0.37072693146886204,0.6846209546705788,-0.907692,-1,-0.6589744436774078,0.1600031796843969,1,0,0,0,0,0,0,0,0,0,0,0,0,0,0,0,0,0,0,0,0,0,0,0,0,0,1,0,0,0
0.75,-0.17042940319869482,-0.12067379258154567,0.25173545314868284,-0.353846,-1,0.3369567054572136,-0.6535723102362648,1,0,0,0,0,0,0,0,0,0,0,0,0,0,0,1,0,0,0,0,0,0,0,0,0,0,0,0,0,0
0.8,-0.10051956541697316,-0.37072693146886204,0.25173545314868284,-0.353846,-1,-0.6589744436774078,-0.6535723102362648,1,0,0,0,0,0,0,0,0,0,0,0,0,0,0,0,1,0,0,0,0,0,0,0,0,0,0,0,0,0
1.0,-0.19230642054993446,-0.45407797776463416,1.1111091335098853,-0.569231,-1,2.3288190037264562,-0.6535723102362648,1,0,0,0,0,0,0,0,0,0,0,0,0,0,0,0,0,0,0,0,0,0,0,0,0,0,0,0,0,1
0.7,-0.17767573386708652,-0.37072693146886204,0.46497954256833607,-0.476923,-1,-0.6589744436774078,-0.6535723102362648,1,0,0,0,0,0,0,0,0,0,0,0,0,0,0,0,0,0,0,1,0,0,0,0,0,0,0,0,0,0
0.55,-0.18871776155225478,-0.37072693146886204,0.6846209546705788,-0.907692,-1,-0.6589744436774078,0.1600031796843969,1,0,0,0,0,0,0,0,0,0,0,0,0,0,0,0,0,0,0,0,0,0,0,0,0,1,0,0,0,0
0.55,-0.18871776155225478,-0.37072693146886204,0.6846209546705788,-0.907692,-1,-0.6589744436774078,0.1600031796843969,1,0,0,0,0,0,0,0,0,0,0,0,0,0,0,0,0,0,0,0,0,0,0,0,0,0,0,1,0,0
0.4,-0.18933887560954551,-0.37072693146886204,1.3243532229295385,-1.0,-1,-0.6589744436774078,0.1600031796843969,1,0,0,0,0,0,0,0,0,0,0,0,0,0,0,0,0,0,0,0,0,0,0,0,0,0,0,0,1,0
0.8,-0.10051956541697316,-0.37072693146886204,0.25173545314868284,-0.353846,-1,-0.6589744436774078,-0.6535723102362648,1,0,0,0,0,0,0,0,0,0,0,0,0,0,0,0,1,0,0,0,0,0,0,0,0,0,0,0,0,0
0.0,-0.19168530649264376,-0.45407797776463416,3.030305938286764,-0.384615,-1,-0.6589744436774078,-0.6535723102362648,1,0,0,0,0,0,0,0,0,0,0,0,0,0,0,0,0,0,0,0,0,1,0,0,0,0,0,0,0,0
0.75,-0.18692343205341494,-0.45407797776463416,0.6846209546705788,-1.0,-1,0.3369567054572136,0.1600031796843969,1,0,0,0,0,0,0,0,0,0,0,0,0,0,0,0,0,0,0,1,0,0,0,0,0,0,0,0,0,0
0.3,-0.19189234451174067,-0.45407797776463416,3.030305938286764,-0.384615,-1,-0.6589744436774078,-0.6535723102362648,1,0,0,0,0,0,0,0,0,0,0,0,0,0,0,0,0,0,0,0,0,1,0,0,0,0,0,0,0,0
0.7,-0.17767573386708652,-0.37072693146886204,0.46497954256833607,-0.476923,-1,-0.6589744436774078,-0.6535723102362648,1,0,0,0,0,0,0,0,0,0,0,0,0,0,0,0,0,0,0,1,0,0,0,0,0,0,0,0,0,0
0.75,-0.16470135133701377,-0.41240245461674807,0.2581327758312724,-0.353846,-1,0.3369567054572136,-0.6535723102362648,1,0,0,0,0,0,0,1,0,0,0,0,0,0,0,0,0,0,0,0,0,0,0,0,0,0,0,0,0,0
0.8,-0.18802763482193177,-0.37072693146886204,0.6782236319879893,-0.569231,-1,0.3369567054572136,-0.6535723102362648,1,0,0,0,0,0,0,0,0,0,0,0,0,0,0,0,0,0,0,1,0,0,0,0,0,0,0,0,0,0
0.8,-0.08464665061954375,-0.45407797776463416,2.6038177594474576,-0.630769,-1,-0.6589744436774078,-0.6535723102362648,1,0,0,0,0,0,0,0,0,0,0,0,0,0,0,0,0,0,0,0,0,1,0,0,0,0,0,0,0,0
0.8,-0.18464601384334897,-0.37072693146886204,0.47137686525092565,-0.6,-1,-0.6589744436774078,-0.6535723102362648,1,0,0,0,0,0,0,0,0,0,0,0,0,0,0,1,0,0,0,0,0,0,0,0,0,0,0,0,0,0
0.7,-0.18436996315121978,-0.45407797776463416,2.177329580608151,-0.507692,-1,0.3369567054572136,-0.6535723102362648,1,0,0,0,0,0,0,0,0,0,1,0,0,0,0,0,0,0,0,0,0,0,0,0,0,0,0,0,0,0
0.85,-0.19209938253083758,-0.45407797776463416,2.6038177594474576,-0.415385,-1,2.3288190037264562,-0.6535723102362648,1,0,0,0,0,0,0,0,0,0,0,0,0,0,0,0,0,1,0,0,0,0,0,0,0,0,0,0,0,0
0.7,-0.18464601384334897,-0.41240245461674807,0.8914677214076425,-0.6,-1,0.3369567054572136,-0.6535723102362648,1,0,0,0,0,0,0,1,0,0,0,0,0,0,0,0,0,0,0,0,0,0,0,0,0,0,0,0,0,0
0.75,-0.16042256560901108,-0.45407797776463416,0.47137686525092565,-0.6,-1,-0.6589744436774078,-0.6535723102362648,1,0,0,0,0,0,0,0,0,1,0,0,0,0,0,0,0,0,0,0,0,0,0,0,0,0,0,0,0,0
0.55,-0.18871776155225478,-0.41240245461674807,0.6846209546705788,-0.907692,-1,-0.6589744436774078,0.1600031796843969,1,0,0,0,0,0,0,0,0,0,0,0,0,0,0,0,0,0,0,1,0,0,0,0,0,0,0,0,0,0
0.65,-0.18995998966683622,-0.45407797776463416,0.897865044090232,-0.230769,-1,0.3369567054572136,-0.6535723102362648,1,0,0,0,0,0,0,0,0,0,0,0,0,0,0,0,0,0,0,0,0,0,0,0,0,0,0,0,0,1
0.8,-0.17470818892669754,-0.45407797776463416,0.46497954256833607,-0.446154,-1,-0.6589744436774078,-0.6535723102362648,1,0,0,0,0,0,0,0,0,0,0,0,0,0,0,0,0,0,0,0,0,0,0,0,1,0,0,0,0,0
0.8,-0.1689801370650165,-0.45407797776463416,0.46497954256833607,-0.446154,-1,-0.6589744436774078,-0.6535723102362648,1,0,0,0,0,0,0,0,0,0,0,0,0,0,0,0,1,0,0,0,0,0,0,0,0,0,0,0,0,0
0.55,-0.18871776155225478,-0.41240245461674807,0.897865044090232,-0.938462,-1,0.3369567054572136,0.1600031796843969,1,0,0,0,0,0,0,0,0,0,0,0,0,0,0,0,0,0,0,0,0,0,0,0,0,1,0,0,0,0
0.75,-0.18312773503663834,-0.45407797776463416,1.5375973123491917,-1.0,-1,-0.6589744436774078,-0.6535723102362648,1,0,0,0,0,0,0,0,0,0,0,0,0,0,0,0,0,0,0,0,0,0,0,1,0,0,0,0,0,0
0.35,-0.19189234451174067,-0.45407797776463416,0.897865044090232,-0.384615,-1,2.3288190037264562,-0.6535723102362648,1,0,0,0,0,0,0,0,0,0,0,0,0,0,0,0,0,0,0,0,0,0,0,0,1,0,0,0,0,0
0.5,-0.19203036985780528,-0.45407797776463416,1.1111091335098853,-0.569231,-1,2.3288190037264562,-0.6535723102362648,1,0,0,0,0,0,0,0,0,1,0,0,0,0,0,0,0,0,0,0,0,0,0,0,0,0,0,0,0,0
0.75,-0.18692343205341494,-0.45407797776463416,1.1111091335098853,-1.0,-1,2.3288190037264562,0.1600031796843969,1,0,0,0,0,0,0,0,0,0,0,0,0,0,0,0,0,0,0,0,0,0,0,0,0,1,0,0,0,0
0.3,-0.19196135718477297,-0.45407797776463416,2.475871305795666,-0.384615,-1,2.3288190037264562,-0.6535723102362648,1,0,0,0,0,0,0,0,1,0,0,0,0,0,0,0,0,0,0,0,0,0,0,0,0,0,0,0,0,0
0.65,-0.18374884909392905,-0.45407797776463416,0.6846209546705788,-0.2,-1,0.3369567054572136,-0.6535723102362648,1,0,0,0,0,0,0,0,0,0,0,0,0,0,0,0,1,0,0,0,0,0,0,0,0,0,0,0,0,0
0.55,-0.18871776155225478,-0.41240245461674807,0.897865044090232,-0.938462,-1,0.3369567054572136,0.1600031796843969,1,0,0,0,0,0,0,0,0,0,0,0,0,0,0,0,0,0,0,0,0,0,0,0,0,0,1,0,0,0
0.4,-0.18933887560954551,-0.45407797776463416,1.9640854911884982,-1.0,-1,2.3288190037264562,0.1600031796843969,1,0,0,0,0,0,0,0,0,0,0,0,0,0,0,0,0,1,0,0,0,0,0,0,0,0,0,0,0,0
0.6,-0.19203036985780528,-0.45407797776463416,2.6038177594474576,-0.415385,-1,2.3288190037264562,-0.6535723102362648,1,0,0,0,0,0,0,0,0,0,1,0,0,0,0,0,0,0,0,0,0,0,0,0,0,0,0,0,0,0
0.7,-0.18816566016799638,-0.45407797776463416,0.46497954256833607,-0.476923,-1,-0.6589744436774078,-0.6535723102362648,1,0,0,0,0,0,0,0,0,0,0,0,0,0,0,0,0,0,0,0,0,0,0,0,0,0,0,0,0,1
0.4,-0.18933887560954551,-0.45407797776463416,2.3905736700278046,-1.0,-1,-0.6589744436774078,0.1600031796843969,1,0,0,0,0,0,0,0,0,0,0,0,0,0,0,0,0,0,0,0,0,1,0,0,0,0,0,0,0,0
1.0,-0.19216839520386989,-0.45407797776463416,2.6038177594474576,-0.415385,-1,2.3288190037264562,-0.6535723102362648,1,0,0,0,0,0,0,0,0,0,0,0,0,0,0,0,0,0,0,0,0,0,0,0,0,0,0,0,1,0
0.4,-0.18933887560954551,-0.45407797776463416,1.9661966076737527,-1.0,-1,2.3288190037264562,0.1600031796843969,1,0,0,0,0,0,0,0,0,0,0,0,0,0,0,0,0,0,0,0,0,0,0,0,0,0,0,0,1,0
0.4,-0.18933887560954551,-0.45407797776463416,1.9640854911884982,-1.0,-1,2.3288190037264562,0.1600031796843969,1,0,0,0,0,0,0,0,0,0,0,0,0,0,0,0,0,1,0,0,0,0,0,0,0,0,0,0,0,0
0.4,-0.18933887560954551,-0.41240245461674807,1.9640854911884982,-1.0,-1,2.3288190037264562,0.1600031796843969,1,0,0,0,0,0,0,0,0,0,0,1,0,0,0,0,0,0,0,0,0,0,0,0,0,0,0,0,0,0
0.6,-0.19203036985780528,-0.45407797776463416,2.6038177594474576,-0.415385,-1,2.3288190037264562,-0.6535723102362648,1,0,0,0,0,0,0,0,0,0,1,0,0,0,0,0,0,0,0,0,0,0,0,0,0,0,0,0,0,0
0.55,-0.18871776155225478,-0.41240245461674807,0.897865044090232,-0.938462,-1,0.3369567054572136,0.1600031796843969,1,0,0,0,0,0,0,0,0,0,0,0,0,0,0,0,0,0,0,0,0,0,0,0,0,0,1,0,0,0
0.6,-0.19189234451174067,-0.45407797776463416,3.030305938286764,-0.384615,-1,-0.6589744436774078,-0.6535723102362648,1,0,0,0,0,0,0,0,0,0,0,0,0,0,0,0,0,0,0,0,0,1,0,0,0,0,0,0,0,0
0.65,-0.18644034334218884,-0.45407797776463416,0.6846209546705788,-0.476923,-1,0.3369567054572136,-0.6535723102362648,1,0,0,0,0,0,0,0,0,0,0,0,0,0,0,0,0,0,0,0,1,0,0,0,0,0,0,0,0,0
0.7,-0.18664738136128572,-0.45407797776463416,0.46497954256833607,-0.507692,-1,0.3369567054572136,-0.6535723102362648,1,0,0,0,0,0,0,0,0,0,0,0,0,0,0,0,0,0,0,0,1,0,0,0,0,0,0,0,0,0
0.65,-0.19037406570503002,-0.45407797776463416,0.6846209546705788,-0.446154,-1,2.3288190037264562,-0.6535723102362648,1,0,0,0,0,0,0,0,0,1,0,0,0,0,0,0,0,0,0,0,0,0,0,0,0,0,0,0,0,0
0.8,-0.08464665061954375,-0.45407797776463416,2.6038177594474576,-0.323077,-1,-0.6589744436774078,-0.6535723102362648,1,0,0,0,0,0,0,0,0,0,0,0,0,0,0,0,0,0,0,0,0,1,0,0,0,0,0,0,0,0
0.85,-0.19071912907019153,-0.45407797776463416,0.897865044090232,-0.6,-1,0.3369567054572136,-0.6535723102362648,1,0,0,0,0,0,0,0,0,0,0,0,0,0,0,0,0,0,0,1,0,0,0,0,0,0,0,0,0,0
0.55,-0.19196135718477297,-0.45407797776463416,1.1111091335098853,-0.569231,-1,2.3288190037264562,-0.6535723102362648,1,0,0,0,0,0,0,1,0,0,0,0,0,0,0,0,0,0,0,0,0,0,0,0,0,0,0,0,0,0
0.55,-0.19203036985780528,-0.45407797776463416,0.897865044090232,-0.384615,-1,2.3288190037264562,-0.6535723102362648,1,0,0,0,0,0,0,0,0,0,0,0,0,0,0,0,0,0,0,0,1,0,0,0,0,0,0,0,0,0
0.4,-0.18933887560954551,-0.45407797776463416,1.9640854911884982,-1.0,-1,2.3288190037264562,0.1600031796843969,1,0,0,0,0,0,0,0,1,0,0,0,0,0,0,0,0,0,0,0,0,0,0,0,0,0,0,0,0,0
0.55,-0.19196135718477297,-0.45407797776463416,1.1111091335098853,-0.569231,-1,2.3288190037264562,-0.6535723102362648,1,0,0,0,0,0,0,1,0,0,0,0,0,0,0,0,0,0,0,0,0,0,0,0,0,0,0,0,0,0
0.85,-0.19071912907019153,-0.45407797776463416,0.897865044090232,-0.6,-1,0.3369567054572136,-0.6535723102362648,1,0,0,0,0,0,0,0,0,0,0,0,0,0,0,0,0,0,0,1,0,0,0,0,0,0,0,0,0,0
0.75,-0.18312773503663834,-0.45407797776463416,1.5375973123491917,-1.0,-1,-0.6589744436774078,-0.6535723102362648,1,0,0,0,0,0,0,0,0,0,0,0,0,0,0,0,0,0,0,0,0,0,0,1,0,0,0,0,0,0
0.75,-0.1819545195950892,-0.45407797776463416,0.47137686525092565,-0.046154,-1,-0.6589744436774078,-0.6535723102362648,1,0,0,0,0,0,0,0,0,0,0,0,0,0,0,0,0,0,0,0,0,0,0,0,0,0,0,0,0,1
0.65,-0.19071912907019153,-0.45407797776463416,0.6846209546705788,-0.323077,-1,-0.6589744436774078,-0.6535723102362648,1,0,0,0,0,0,0,0,0,0,0,0,0,0,0,0,0,0,0,0,0,0,0,0,0,0,0,0,0,1
0.8,-0.08464665061954375,-0.45407797776463416,1.5375973123491917,-0.507692,-1,-0.6589744436774078,-0.6535723102362648,1,0,0,0,0,0,0,0,0,0,0,0,0,1,0,0,0,0,0,0,0,0,0,0,0,0,0,0,0,0
1.0,-0.19230642054993446,-0.45407797776463416,1.3243532229295385,-0.476923,-1,2.3288190037264562,-0.6535723102362648,1,0,0,0,0,0,0,0,0,1,0,0,0,0,0,0,0,0,0,0,0,0,0,0,0,0,0,0,0,0
0.75,-0.18657836868825342,-0.45407797776463416,0.897865044090232,-0.230769,-1,0.3369567054572136,-0.6535723102362648,1,0,0,0,0,0,0,0,0,0,0,0,0,0,0,0,0,0,0,0,0,0,0,0,1,0,0,0,0,0
0.6,-0.19058110372412693,-0.45407797776463416,0.6846209546705788,-0.2,-1,0.3369567054572136,-0.6535723102362648,1,0,0,0,0,0,0,0,0,0,0,0,0,0,0,0,0,0,0,0,0,0,0,0,0,0,0,0,0,1
0.6,-0.19209938253083758,-0.45407797776463416,2.7104398041572844,-0.415385,-1,-0.6589744436774078,-0.6535723102362648,1,0,0,0,0,0,0,0,0,0,0,0,0,0,0,0,0,0,0,0,0,1,0,0,0,0,0,0,0,0
0.6,-0.19189234451174067,-0.45407797776463416,3.030305938286764,-0.384615,-1,-0.6589744436774078,-0.6535723102362648,1,0,0,0,0,0,0,0,0,0,0,0,0,0,0,0,0,0,0,0,0,1,0,0,0,0,0,0,0,0
0.75,-0.1819545195950892,-0.45407797776463416,0.47137686525092565,-0.046154,-1,-0.6589744436774078,-0.6535723102362648,1,0,0,0,0,0,0,0,0,0,0,0,0,0,0,0,0,0,0,0,0,0,0,0,0,0,0,0,0,1
0.6,-0.19182333183870837,-0.45407797776463416,1.3243532229295385,-0.230769,-1,2.3288190037264562,-0.6535723102362648,1,0,0,0,0,0,0,0,0,0,0,0,0,0,0,0,1,0,0,0,0,0,0,0,0,0,0,0,0,0
1.0,-0.1922374078769022,-0.45407797776463416,2.283951625317978,-1.0,-1,2.3288190037264562,0.1600031796843969,1,0,0,0,0,0,0,0,0,0,0,0,0,0,0,0,0,1,0,0,0,0,0,0,0,0,0,0,0,0
0.6,-0.19189234451174067,-0.45407797776463416,3.030305938286764,-0.384615,-1,-0.6589744436774078,-0.6535723102362648,1,0,0,0,0,0,0,0,0,0,0,0,0,0,0,0,0,0,0,0,0,1,0,0,0,0,0,0,0,0
0.55,-0.19203036985780528,-0.45407797776463416,0.897865044090232,-0.384615,-1,2.3288190037264562,-0.6535723102362648,1,0,0,0,0,0,0,0,0,0,0,0,0,0,0,0,0,0,0,0,1,0,0,0,0,0,0,0,0,0
0.7,-0.19140925580051454,-0.41240245461674807,0.897865044090232,-0.6,-1,0.3369567054572136,-0.6535723102362648,1,0,0,0,0,0,0,0,0,0,0,0,0,0,0,0,0,0,0,0,0,0,0,0,0,0,0,0,0,1
0.8,-0.1856121912658012,-0.45407797776463416,0.6846209546705788,-0.323077,-1,0.3369567054572136,-0.6535723102362648,1,0,0,0,0,0,0,0,0,0,0,0,0,0,0,0,0,0,0,0,0,0,0,0,1,0,0,0,0,0
0.7,-0.19189234451174067,-0.45407797776463416,2.7104398041572844,-0.415385,-1,-0.6589744436774078,-0.6535723102362648,1,0,0,0,0,0,0,0,0,0,0,0,0,0,0,0,0,0,0,0,0,1,0,0,0,0,0,0,0,0
0.2,-0.19209938253083758,-0.45407797776463416,2.7104398041572844,-0.415385,-1,-0.6589744436774078,-0.6535723102362648,1,0,0,0,0,0,0,0,0,0,0,0,0,0,0,0,0,0,0,0,0,1,0,0,0,0,0,0,0,0
0.85,-0.19154728114657915,-0.45407797776463416,1.3243532229295385,-0.230769,-1,2.3288190037264562,-0.6535723102362648,1,0,0,0,0,0,0,0,0,0,0,0,0,0,0,0,0,0,0,0,1,0,0,0,0,0,0,0,0,0
0.75,-0.18692343205341494,-0.45407797776463416,1.1111091335098853,-1.0,-1,2.3288190037264562,0.1600031796843969,1,0,0,0,0,0,0,0,0,0,0,0,0,0,0,0,0,0,0,0,0,0,0,0,0,0,0,1,0,0
0.7,-0.1844389758242521,-0.45407797776463416,0.6846209546705788,-0.2,-1,0.3369567054572136,-0.6535723102362648,1,0,0,0,0,0,0,1,0,0,0,0,0,0,0,0,0,0,0,0,0,0,0,0,0,0,0,0,0,0
0.5,-0.19230642054993446,-0.45407797776463416,0.6206477278446829,-0.630769,-1,-0.6589744436774078,0.1600031796843969,1,0,0,0,0,0,0,0,0,0,0,0,0,0,0,0,0,0,0,0,0,1,0,0,0,0,0,0,0,0
0.6,-0.19189234451174067,-0.45407797776463416,3.030305938286764,-0.384615,-1,-0.6589744436774078,-0.6535723102362648,1,0,0,0,0,0,0,0,0,0,0,0,0,0,0,0,0,0,0,0,0,1,0,0,0,0,0,0,0,0
1.0,-0.1922374078769022,-0.45407797776463416,2.283951625317978,-1.0,-1,2.3288190037264562,0.1600031796843969,1,0,0,0,0,0,0,0,0,0,0,0,0,0,0,0,0,1,0,0,0,0,0,0,0,0,0,0,0,0
0.65,-0.19175431916567606,-0.45407797776463416,1.3243532229295385,-0.230769,-1,2.3288190037264562,-0.6535723102362648,1,0,0,0,0,0,0,0,0,0,0,0,0,0,0,0,0,0,0,0,0,0,0,0,1,0,0,0,0,0
0.2,-0.19209938253083758,-0.45407797776463416,2.7104398041572844,-0.415385,-1,-0.6589744436774078,-0.6535723102362648,1,0,0,0,0,0,0,0,0,0,0,0,0,0,0,0,0,0,0,0,0,1,0,0,0,0,0,0,0,0
0.7,-0.1844389758242521,-0.45407797776463416,0.6846209546705788,-0.2,-1,0.3369567054572136,-0.6535723102362648,1,0,0,0,0,0,0,1,0,0,0,0,0,0,0,0,0,0,0,0,0,0,0,0,0,0,0,0,0,0
0.85,-0.19154728114657915,-0.45407797776463416,1.3243532229295385,-0.230769,-1,2.3288190037264562,-0.6535723102362648,1,0,0,0,0,0,0,0,0,0,0,0,0,0,0,0,0,0,0,0,1,0,0,0,0,0,0,0,0,0
0.75,-0.18692343205341494,-0.45407797776463416,1.1111091335098853,-1.0,-1,2.3288190037264562,0.1600031796843969,1,0,0,0,0,0,0,0,0,0,0,0,0,0,0,0,0,0,0,0,0,0,0,0,0,0,0,1,0,0
0.8,-0.1856121912658012,-0.45407797776463416,0.6846209546705788,-0.323077,-1,0.3369567054572136,-0.6535723102362648,1,0,0,0,0,0,0,0,0,0,0,0,0,0,0,0,0,0,0,0,0,0,0,0,1,0,0,0,0,0
0.35,-0.19140925580051454,-0.45407797776463416,1.3243532229295385,-0.230769,-1,2.3288190037264562,-0.6535723102362648,1,0,0,0,0,0,0,0,0,1,0,0,0,0,0,0,0,0,0,0,0,0,0,0,0,0,0,0,0,0
0.6,-0.19182333183870837,-0.45407797776463416,1.3243532229295385,-0.230769,-1,2.3288190037264562,-0.6535723102362648,1,0,0,0,0,0,0,0,0,0,0,0,0,0,0,0,1,0,0,0,0,0,0,0,0,0,0,0,0,0
0.65,-0.19175431916567606,-0.45407797776463416,1.3243532229295385,-0.230769,-1,2.3288190037264562,-0.6535723102362648,1,0,0,0,0,0,0,0,0,0,0,0,0,0,0,0,0,0,0,0,0,0,0,0,1,0,0,0,0,0
0.8,-0.1615957810505602,-0.45407797776463416,1.3243532229295385,-0.723077,-1,-0.6589744436774078,-1.4671478001569265,1,0,0,0,0,0,0,0,0,0,0,0,0,0,0,0,0,0,1,0,0,0,0,0,0,0,0,0,0,0
0.55,-0.09320422207554917,3.713474337023972,-0.7846521458397737,-0.569231,1,-0.6589744436774078,0.1600031796843969,0,1,0,0,0,0,0,0,0,0,0,0,0,0,0,0,0,0,0,0,0,0,1,0,0,0,0,0,0,0
0.55,0.17118332831119884,3.713474337023972,-0.6567056921879818,0.138462,1,-0.6589744436774078,0.1600031796843969,0,1,0,0,0,0,0,1,0,0,0,0,0,0,0,0,0,0,0,0,0,0,0,0,0,0,0,0,0,0
0.6,1.2804930346324173,2.8799638740662505,-0.8059765547817391,-0.323077,1,-0.6589744436774078,0.1600031796843969,0,1,0,0,0,0,0,0,0,0,0,0,0,0,1,0,0,0,0,0,0,0,0,0,0,0,0,0,0,0
0.6,-0.10555749054833118,3.713474337023972,-0.6993545100719125,-0.753846,1,-0.6589744436774078,0.1600031796843969,0,1,0,0,0,0,0,1,0,0,0,0,0,0,0,0,0,0,0,0,0,0,0,0,0,0,0,0,0,0
0.65,0.19098996547146943,2.8799638740662505,-0.3794883759424327,-0.138462,1,-0.6589744436774078,0.1600031796843969,0,1,0,0,0,0,0,0,0,0,0,0,0,0,0,0,0,0,0,0,0,0,1,0,0,0,0,0,0,0
0.6,-0.16421826262578768,1.2129429481508083,-0.5287592385361899,-0.723077,1,0.3369567054572136,0.1600031796843969,0,1,0,0,0,0,0,0,0,0,0,0,0,0,0,1,0,0,0,0,0,0,0,0,0,0,0,0,0,0
0.65,-0.176640543771602,1.2129429481508083,-0.31551514911653666,-0.723077,1,0.3369567054572136,0.1600031796843969,0,1,0,0,0,0,0,1,0,0,0,0,0,0,0,0,0,0,0,0,0,0,0,0,0,0,0,0,0,0
0.6,1.345571985301878,1.2129429481508083,-0.8059765547817391,-0.323077,1,-0.6589744436774078,0.1600031796843969,0,1,0,0,0,0,0,1,0,0,0,0,0,0,0,0,0,0,0,0,0,0,0,0,0,0,0,0,0,0
0.65,-0.11066442835272151,1.2129429481508083,-0.2515419222906407,-0.661538,1,0.3369567054572136,3.4143051393670443,0,1,0,0,0,0,0,0,0,0,0,0,0,0,1,0,0,0,0,0,0,0,0,0,0,0,0,0,0,0
0.6,-0.16925618775714568,2.8799638740662505,-0.7846521458397737,-0.569231,1,-0.6589744436774078,0.1600031796843969,0,1,0,0,0,0,0,1,0,0,0,0,0,0,0,0,0,0,0,0,0,0,0,0,0,0,0,0,0,0
0.6,-0.07553697777927992,3.713474337023972,-0.6567056921879818,-0.784615,1,0.3369567054572136,0.1600031796843969,0,1,0,0,0,0,0,1,0,0,0,0,0,0,0,0,0,0,0,0,0,0,0,0,0,0,0,0,0,0
0.6,-0.17505325229185903,0.37943248519308703,-0.5287592385361899,-0.723077,1,0.3369567054572136,0.1600031796843969,0,1,0,0,0,0,0,1,0,0,0,0,0,0,0,0,0,0,0,0,0,0,0,0,0,0,0,0,0,0
0.55,-0.14323841002396792,3.713474337023972,-0.7846521458397737,-0.569231,1,-0.6589744436774078,0.1600031796843969,0,1,0,0,0,0,0,0,0,1,0,0,0,0,0,0,0,0,0,0,0,0,0,0,0,0,0,0,0,0
0.6,-0.1025899456079422,2.8799638740662505,-0.6567056921879818,-0.784615,1,0.3369567054572136,0.1600031796843969,0,1,0,0,0,0,0,1,0,0,0,0,0,0,0,0,0,0,0,0,0,0,0,0,0,0,0,0,0,0
0.7,-0.1338526864915749,-0.037322746285773555,0.260243892316527,-0.876923,1,2.3288190037264562,3.4143051393670443,0,1,0,0,0,0,0,1,0,0,0,0,0,0,0,0,0,0,0,0,0,0,0,0,0,0,0,0,0,0
0.6,-0.07553697777927992,3.713474337023972,-0.6567056921879818,-0.784615,1,0.3369567054572136,0.1600031796843969,0,1,0,0,0,0,0,1,0,0,0,0,0,0,0,0,0,0,0,0,0,0,0,0,0,0,0,0,0,0
0.65,-0.14855238584745517,0.37943248519308703,-0.2515419222906407,-0.661538,1,0.3369567054572136,3.4143051393670443,0,1,0,0,0,0,0,0,0,1,0,0,0,0,0,0,0,0,0,0,0,0,0,0,0,0,0,0,0,0
0.55,-0.14323841002396792,3.713474337023972,-0.7846521458397737,-0.569231,1,-0.6589744436774078,0.1600031796843969,0,1,0,0,0,0,0,0,0,1,0,0,0,0,0,0,0,0,0,0,0,0,0,0,0,0,0,0,0,0
0.6,-0.1025899456079422,2.8799638740662505,-0.6567056921879818,-0.784615,1,0.3369567054572136,0.1600031796843969,0,1,0,0,0,0,0,1,0,0,0,0,0,0,0,0,0,0,0,0,0,0,0,0,0,0,0,0,0,0
0.6,-0.17526029031095594,0.37943248519308703,-0.5287592385361899,-0.723077,1,0.3369567054572136,0.1600031796843969,0,1,0,0,0,0,0,0,0,0,0,0,0,0,0,0,0,0,0,0,0,0,1,0,0,0,0,0,0,0
0.65,-0.18657836868825342,-0.28737588517308993,1.7529525182540995,-0.107692,1,2.3288190037264562,3.4143051393670443,0,1,0,0,0,0,0,1,0,0,0,0,0,0,0,0,0,0,0,0,0,0,0,0,0,0,0,0,0,0
0.7,-0.15158894346087645,-0.037322746285773555,0.260243892316527,-0.876923,1,2.3288190037264562,3.4143051393670443,0,1,0,0,0,0,0,1,0,0,0,0,0,0,0,0,0,0,0,0,0,0,0,0,0,0,0,0,0,0
0.75,-0.17953907603895866,-0.37072693146886204,0.1536218476067004,-0.846154,1,0.3369567054572136,1.7871541595257203,0,1,0,0,0,0,0,0,0,0,0,0,0,0,0,0,0,0,0,0,0,0,0,0,0,0,0,1,0,0
0.7,-0.18154044355689541,0.37943248519308703,-0.46478601171029393,-0.753846,1,0.3369567054572136,1.7871541595257203,0,1,0,0,0,0,0,1,0,0,0,0,0,0,0,0,0,0,0,0,0,0,0,0,0,0,0,0,0,0
0.7,-0.15158894346087645,-0.037322746285773555,0.260243892316527,-0.876923,-1,2.3288190037264562,3.4143051393670443,0,1,0,0,0,0,0,1,0,0,0,0,0,0,0,0,0,0,0,0,0,0,0,0,0,0,0,0,0,0
0.5,-0.18347279840179986,0.37943248519308703,-0.5927324653620859,-0.784615,-1,-0.6589744436774078,0.1600031796843969,0,1,0,0,0,0,0,1,0,0,0,0,0,0,0,0,0,0,0,0,0,0,0,0,0,0,0,0,0,0
0.75,-0.17953907603895866,-0.37072693146886204,0.1536218476067004,-0.846154,-1,0.3369567054572136,1.7871541595257203,0,1,0,0,0,0,0,0,0,0,0,0,0,0,0,0,0,0,0,0,0,0,0,0,0,0,0,1,0,0
0.35,-0.18547416591973662,0.37943248519308703,-0.7206789190138778,-0.6,-1,0.3369567054572136,0.1600031796843969,0,1,0,0,0,0,0,1,0,0,0,0,0,0,0,0,0,0,0,0,0,0,0,0,0,0,0,0,0,0
0.6,0.3792565375035886,-0.28737588517308993,-0.7633277368978084,-0.723077,-1,0.3369567054572136,0.1600031796843969,0,1,0,0,0,0,0,0,0,0,0,0,0,0,1,0,0,0,0,0,0,0,0,0,0,0,0,0,0,0
0.55,-0.18305872236360604,-0.037322746285773555,-0.46478601171029393,-0.753846,-1,0.3369567054572136,1.7871541595257203,0,1,0,0,0,0,0,0,0,0,0,0,0,0,0,0,0,0,0,0,0,0,1,0,0,0,0,0,0,0
0.6,0.29174846809863,-0.12067379258154567,-0.7633277368978084,-0.723077,-1,0.3369567054572136,0.1600031796843969,0,1,0,0,0,0,0,1,0,0,0,0,0,0,0,0,0,0,0,0,0,0,0,0,0,0,0,0,0,0
0.6,-0.17098150458295325,0.37943248519308703,-0.31551514911653666,-0.723077,-1,0.3369567054572136,0.1600031796843969,0,1,0,0,0,0,0,0,0,1,0,0,0,0,0,0,0,0,0,0,0,0,0,0,0,0,0,0,0,0
0.35,-0.19147826847354685,-0.45407797776463416,-0.16624428652277945,0.538462,-1,0.3369567054572136,1.7871541595257203,0,1,0,0,0,0,0,0,0,0,0,0,0,0,0,0,0,0,0,0,0,0,1,0,0,0,0,0,0,0
0.65,10.210180823628004,-0.37072693146886204,-0.8059765547817391,-0.6,-1,-0.6589744436774078,-0.6535723102362648,0,1,0,0,0,0,0,0,0,1,0,0,0,0,0,0,0,0,0,0,0,0,0,0,0,0,0,0,0,0
0.55,-0.006041216035752055,-0.41240245461674807,-0.5074348295942246,0.076923,-1,-0.6589744436774078,0.1600031796843969,0,1,0,0,0,0,0,0,0,0,0,0,0,0,0,1,0,0,0,0,0,0,0,0,0,0,0,0,0,0
0.5,-0.17774474654011882,0.37943248519308703,-0.5927324653620859,-0.784615,-1,-0.6589744436774078,0.1600031796843969,0,1,0,0,0,0,0,0,0,0,0,0,0,0,0,1,0,0,0,0,0,0,0,0,0,0,0,0,0,0
0.65,10.210180823628004,-0.45407797776463416,-0.8059765547817391,-0.753846,-1,-0.6589744436774078,-0.6535723102362648,0,1,0,0,0,0,0,1,0,0,0,0,0,0,0,0,0,0,0,0,0,0,0,0,0,0,0,0,0,0
0.65,10.210180823628004,-0.45407797776463416,-0.7633277368978084,-0.569231,-1,-0.6589744436774078,0.1600031796843969,0,1,0,0,0,0,0,1,0,0,0,0,0,0,0,0,0,0,0,0,0,0,0,0,0,0,0,0,0,0
-0.3,-0.18864874887922248,-0.45407797776463416,-0.5927324653620859,0.138462,-1,-0.6589744436774078,0.1600031796843969,0,1,0,0,0,0,0,0,0,0,0,0,0,0,1,0,0,0,0,0,0,0,0,0,0,0,0,0,0,0
-0.2,-0.19161629381961146,-0.45407797776463416,-0.8594794968171301,-0.446154,-1,-0.6589744436774078,-0.6535723102362648,0,1,0,0,0,0,0,0,0,1,0,0,0,0,0,0,0,0,0,0,0,0,0,0,0,0,0,0,0,0
0.7,-0.14082296646783737,-0.12067379258154567,-0.20889310440671008,-0.692308,-1,0.3369567054572136,1.7871541595257203,0,1,0,0,0,0,0,0,0,0,0,0,0,0,1,0,0,0,0,0,0,0,0,0,0,0,0,0,0,0
-0.05,-0.19037406570503002,-0.45407797776463416,-0.336839558058502,0.6,-1,0.3369567054572136,1.7871541595257203,0,1,0,0,0,0,0,0,0,1,0,0,0,0,0,0,0,0,0,0,0,0,0,0,0,0,0,0,0,0
-0.25,-0.19189234451174067,-0.45407797776463416,-0.16624428652277945,0.569231,-1,-0.6589744436774078,0.1600031796843969,0,1,0,0,0,0,0,1,0,0,0,0,0,0,0,0,0,0,0,0,0,0,0,0,0,0,0,0,0,0
0.05,-0.19182333183870837,-0.45407797776463416,-0.46478601171029393,0.630769,-1,-0.6589744436774078,0.1600031796843969,0,1,0,0,0,0,0,0,0,0,0,0,0,0,0,0,0,0,0,0,0,0,1,0,0,0,0,0,0,0
-1.0,-0.1922374078769022,-0.45407797776463416,-0.5074348295942246,0.261538,-1,-0.6589744436774078,0.1600031796843969,0,1,0,0,0,0,0,0,0,0,0,0,0,0,0,1,0,0,0,0,0,0,0,0,0,0,0,0,0,0
0.85,-0.19147826847354685,-0.2040248388773178,-0.9552474173754963,-0.046154,1,-1.1569400182447185,-1.4671478001569265,0,0,1,0,0,0,0,0,0,0,0,0,0,0,0,0,0,0,0,0,0,1,0,0,0,0,0,0,0,0
0.45,-0.18009117742321706,-0.037322746285773555,-0.48611042065225923,-0.569231,1,0.3369567054572136,0.1600031796843969,0,0,1,0,0,0,0,1,0,0,0,0,0,0,0,0,0,0,0,0,0,0,0,0,0,0,0,0,0,0
0.35,-0.18733750809160876,-0.2040248388773178,-0.7846521458397737,-0.569231,1,-0.6589744436774078,0.1600031796843969,0,0,1,0,0,0,0,1,0,0,0,0,0,0,0,0,0,0,0,0,0,0,0,0,0,0,0,0,0,0
0.6,-0.19037406570503002,-0.12067379258154567,-0.8059765547817391,-0.384615,1,-0.6589744436774078,-0.6535723102362648,0,0,1,0,0,0,0,0,0,0,0,0,0,0,0,0,0,0,0,0,0,1,0,0,0,0,0,0,0,0
0.25,-0.19044307837806232,-0.12067379258154567,-0.6567056921879818,-0.323077,1,-0.6589744436774078,0.1600031796843969,0,0,1,0,0,0,0,0,0,0,0,0,0,0,0,1,0,0,0,0,0,0,0,0,0,0,0,0,0,0
0.15,-0.19037406570503002,-0.12067379258154567,-0.6140568743040512,-0.353846,1,0.3369567054572136,0.1600031796843969,0,0,1,0,0,0,0,0,0,0,0,0,0,0,0,1,0,0,0,0,0,0,0,0,0,0,0,0,0,0
0.6,-0.19037406570503002,-0.28737588517308993,-0.8059765547817391,-0.384615,1,-0.6589744436774078,-0.6535723102362648,0,0,1,0,0,0,0,0,0,1,0,0,0,0,0,0,0,0,0,0,0,0,0,0,0,0,0,0,0,0
0.2,-0.18706145739947955,-0.28737588517308993,-0.8912741905496003,-0.507692,1,-0.6589744436774078,-1.4671478001569265,0,0,1,0,0,0,0,1,0,0,0,0,0,0,0,0,0,0,0,0,0,0,0,0,0,0,0,0,0,0
0.5,-0.18878677422528709,-0.28737588517308993,-0.48611042065225923,-0.569231,1,0.3369567054572136,0.1600031796843969,0,0,1,0,0,0,0,0,0,0,0,0,0,0,0,0,0,0,0,1,0,0,0,0,0,0,0,0,0,0
0.2,-0.18706145739947955,-0.41240245461674807,-0.9125985994915657,-0.476923,1,-1.1569400182447185,-1.4671478001569265,0,0,1,0,0,0,0,1,0,0,0,0,0,0,0,0,0,0,0,0,0,0,0,0,0,0,0,0,0,0
0.35,-0.18844171086012557,-0.28737588517308993,-0.7420033279558431,-0.6,1,0.3369567054572136,0.1600031796843969,0,0,1,0,0,0,0,1,0,0,0,0,0,0,0,0,0,0,0,0,0,0,0,0,0,0,0,0,0,0
0.55,-0.18754454611070565,-0.28737588517308993,-0.5287592385361899,-0.538462,1,-0.6589744436774078,0.1600031796843969,0,0,1,0,0,0,0,1,0,0,0,0,0,0,0,0,0,0,0,0,0,0,0,0,0,0,0,0,0,0
0.55,-0.19092616708928845,-0.37072693146886204,-0.7420033279558431,-0.6,1,0.3369567054572136,0.1600031796843969,0,0,1,0,0,0,0,1,0,0,0,0,0,0,0,0,0,0,0,0,0,0,0,0,0,0,0,0,0,0
0.0,-0.19058110372412693,-0.37072693146886204,-0.27286633123260606,0.107692,1,0.3369567054572136,1.7871541595257203,0,0,1,0,0,0,0,0,0,0,0,0,0,0,0,0,0,0,0,0,0,0,0,0,0,0,0,1,0,0
0.35,-0.19113320510838536,-0.37072693146886204,-0.7846521458397737,-0.569231,1,-0.6589744436774078,0.1600031796843969,0,0,1,0,0,0,0,1,0,0,0,0,0,0,0,0,0,0,0,0,0,0,0,0,0,0,0,0,0,0
0.05,-0.19161629381961146,-0.41240245461674807,-0.6567056921879818,-0.323077,1,-0.6589744436774078,0.1600031796843969,0,0,1,0,0,0,0,1,0,0,0,0,0,0,0,0,0,0,0,0,0,0,0,0,0,0,0,0,0,0
0.85,-0.19147826847354685,-0.28737588517308993,-0.9552474173754963,-0.046154,1,-1.1569400182447185,-1.4671478001569265,0,0,1,0,0,0,0,0,0,1,0,0,0,0,0,0,0,0,0,0,0,0,0,0,0,0,0,0,0,0
0.2,-0.18706145739947955,-0.41240245461674807,-0.8912741905496003,-0.507692,1,-0.6589744436774078,-1.4671478001569265,0,0,1,0,0,0,0,1,0,0,0,0,0,0,0,0,0,0,0,0,0,0,0,0,0,0,0,0,0,0
0.45,-0.18933887560954551,-0.41240245461674807,-0.5287592385361899,-0.538462,1,-0.6589744436774078,0.1600031796843969,0,0,1,0,0,0,0,0,0,0,0,0,0,0,0,0,0,0,0,1,0,0,0,0,0,0,0,0,0,0
0.2,-0.18706145739947955,-0.41240245461674807,-0.8912741905496003,-0.507692,1,-0.6589744436774078,-1.4671478001569265,0,0,1,0,0,0,0,0,0,0,0,0,0,0,0,0,0,0,0,0,0,0,0,0,0,0,0,1,0,0
0.0,-0.19154728114657915,-0.41240245461674807,-0.6140568743040512,-0.353846,1,0.3369567054572136,0.1600031796843969,0,0,1,0,0,0,0,1,0,0,0,0,0,0,0,0,0,0,0,0,0,0,0,0,0,0,0,0,0,0
0.45,-0.18933887560954551,-0.41240245461674807,-0.5287592385361899,-0.538462,1,-0.6589744436774078,0.1600031796843969,0,0,1,0,0,0,0,0,0,0,0,0,0,0,0,0,0,0,0,1,0,0,0,0,0,0,0,0,0,0
0.2,-0.19216839520386989,-0.45407797776463416,-0.9552474173754963,0.661538,1,-1.1569400182447185,-1.8739355451172575,0,0,1,0,0,0,0,0,0,1,0,0,0,0,0,0,0,0,0,0,0,0,0,0,0,0,0,0,0,0
0.85,-0.19147826847354685,-0.28737588517308993,-0.9552474173754963,-0.046154,1,-1.1569400182447185,-1.4671478001569265,0,0,1,0,0,0,0,0,0,1,0,0,0,0,0,0,0,0,0,0,0,0,0,0,0,0,0,0,0,0
0.2,-0.18706145739947955,-0.45407797776463416,-0.9125985994915657,-0.476923,1,-1.1569400182447185,-1.4671478001569265,0,0,1,0,0,0,0,1,0,0,0,0,0,0,0,0,0,0,0,0,0,0,0,0,0,0,0,0,0,0
0.2,-0.18706145739947955,-0.45407797776463416,-0.9125985994915657,-0.476923,1,-1.1569400182447185,-1.4671478001569265,0,0,1,0,0,0,0,0,0,0,0,0,0,0,0,0,0,0,0,0,0,0,0,0,0,0,0,1,0,0
1.0,-0.19230642054993446,-0.41240245461674807,-0.6567056921879818,-0.107692,1,-0.6589744436774078,0.1600031796843969,0,0,1,0,0,0,0,0,0,0,0,0,0,0,0,1,0,0,0,0,0,0,0,0,0,0,0,0,0,0
0.6,0.8615170966533132,-0.45407797776463416,-0.7848440655202514,-0.723077,-1,-0.6589744436774078,-0.6535723102362648,0,0,1,0,0,0,0,1,0,0,0,0,0,0,0,0,0,0,0,0,0,0,0,0,0,0,0,0,0,0
0.6,-0.09092680386548321,-0.45407797776463416,-0.8274928834041821,-0.107692,-1,-0.6589744436774078,-1.4671478001569265,0,0,1,0,0,0,0,1,0,0,0,0,0,0,0,0,0,0,0,0,0,0,0,0,0,0,0,0,0,0
0.65,-0.021776105487116854,-0.45407797776463416,-0.6142487939845289,0.169231,-1,-1.1569400182447185,-0.6535723102362648,0,0,1,0,0,0,0,1,0,0,0,0,0,0,0,0,0,0,0,0,0,0,0,0,0,0,0,0,0,0
0.4,-0.1883726981870933,-0.45407797776463416,-0.5927324653620859,0.753846,-1,-0.6589744436774078,0.1600031796843969,0,0,1,0,0,0,0,0,0,1,0,0,0,0,0,0,0,0,0,0,0,0,0,0,0,0,0,0,0,0
0.4,-0.19120221778141766,-0.45407797776463416,-0.27286633123260606,-0.169231,-1,0.3369567054572136,1.7871541595257203,0,0,1,0,0,0,0,1,0,0,0,0,0,0,0,0,0,0,0,0,0,0,0,0,0,0,0,0,0,0
0.25,-0.19175431916567606,-0.45407797776463416,-0.9125985994915657,0.2,-1,-1.1569400182447185,-1.4671478001569265,0,0,1,0,0,0,0,0,0,1,0,0,0,0,0,0,0,0,0,0,0,0,0,0,0,0,0,0,0,0
0.55,-0.16000848957081726,-0.45407797776463416,-0.8273009637237044,-0.353846,-1,-0.6589744436774078,-0.6535723102362648,0,0,1,0,0,0,0,0,0,1,0,0,0,0,0,0,0,0,0,0,0,0,0,0,0,0,0,0,0,0
0.55,-0.16366616124152925,-0.45407797776463416,-0.20908502408718777,-0.107692,-1,0.3369567054572136,1.7871541595257203,0,0,1,0,0,0,0,0,0,1,0,0,0,0,0,0,0,0,0,0,0,0,0,0,0,0,0,0,0,0
0.25,-0.19168530649264376,-0.45407797776463416,-0.9552474173754963,0.661538,-1,-1.1569400182447185,-1.8739355451172575,0,0,1,0,0,0,0,0,0,1,0,0,0,0,0,0,0,0,0,0,0,0,0,0,0,0,0,0,0,0
0.6,-0.09092680386548321,-0.45407797776463416,-0.8274928834041821,-0.107692,-1,-0.6589744436774078,-1.4671478001569265,0,0,1,0,0,0,0,0,0,0,0,0,0,0,0,1,0,0,0,0,0,0,0,0,0,0,0,0,0,0
0.5,-0.19209938253083758,-0.45407797776463416,-0.901936395020583,0.2,-1,-0.6589744436774078,-0.6535723102362648,0,0,1,0,0,0,0,1,0,0,0,0,0,0,0,0,0,0,0,0,0,0,0,0,0,0,0,0,0,0
-0.1,-0.19113320510838536,-0.45407797776463416,-0.8701417012881127,0.538462,-1,-1.1569400182447185,-1.4671478001569265,0,0,1,0,0,0,0,1,0,0,0,0,0,0,0,0,0,0,0,0,0,0,0,0,0,0,0,0,0,0
-0.1,-0.19168530649264376,-0.45407797776463416,-0.869949781607635,0.753846,-1,-1.4059228055283737,-1.8739355451172575,0,0,1,0,0,0,0,0,0,0,0,0,0,0,0,0,0,0,0,0,0,0,0,0,0,0,0,1,0,0
0.1,-0.19058110372412693,-0.45407797776463416,-0.6140568743040512,0.353846,-1,0.3369567054572136,0.1600031796843969,0,0,1,0,0,0,0,0,0,0,0,0,1,0,0,0,0,0,0,0,0,0,0,0,0,0,0,0,0,0
0.5,-0.09907029928329482,3.713474337023972,-0.8486253726656697,-0.138462,1,-0.6589744436774078,-0.6535723102362648,0,0,0,1,0,0,0,0,0,1,0,0,0,0,0,0,0,0,0,0,0,0,0,0,0,0,0,0,0,0
0.5,-0.1742251002154714,3.713474337023972,-1.0405450531433575,-0.476923,1,-1.1569400182447185,-1.4671478001569265,0,0,0,1,0,0,0,0,0,1,0,0,0,0,0,0,0,0,0,0,0,0,0,0,0,0,0,0,0,0
0.6,-0.16477036401004608,2.0464534111085295,-0.8059765547817391,-0.538462,1,-0.6589744436774078,-0.6535723102362648,0,0,0,1,0,0,0,1,0,0,0,0,0,0,0,0,0,0,0,0,0,0,0,0,0,0,0,0,0,0
0.6,-0.18278267167147683,2.8799638740662505,-1.0405450531433575,-0.476923,1,-1.1569400182447185,-1.4671478001569265,0,0,0,1,0,0,0,1,0,0,0,0,0,0,0,0,0,0,0,0,0,0,0,0,0,0,0,0,0,0
0.6,-0.15296919692152247,3.713474337023972,-0.9125985994915657,-0.476923,1,-0.6589744436774078,-0.6535723102362648,0,0,0,1,0,0,0,0,0,0,0,0,1,0,0,0,0,0,0,0,0,0,0,0,0,0,0,0,0,0
0.55,-0.1856121912658012,1.2129429481508083,-0.8273009637237044,0.015385,1,-0.6589744436774078,0.1600031796843969,0,0,0,1,0,0,0,0,0,0,0,0,0,0,0,1,0,0,0,0,0,0,0,0,0,0,0,0,0,0
0.5,-0.16214788243481862,3.713474337023972,-0.9125985994915657,-0.476923,1,-0.6589744436774078,-0.6535723102362648,0,0,0,1,0,0,0,0,0,0,0,0,0,0,0,1,0,0,0,0,0,0,0,0,0,0,0,0,0,0
0.5,-0.18851072353315787,-0.037322746285773555,-0.8059765547817391,-0.538462,1,-0.6589744436774078,-0.6535723102362648,0,0,0,1,0,0,0,0,0,0,0,0,0,0,0,1,0,0,0,0,0,0,0,0,0,0,0,0,0,0
0.35,-0.18388687443999366,-0.037322746285773555,-0.6780301011299471,0.015385,1,0.3369567054572136,0.1600031796843969,0,0,0,1,0,0,0,1,0,0,0,0,0,0,0,0,0,0,0,0,0,0,0,0,0,0,0,0,0,0
0.6,-0.1532452476136517,3.713474337023972,-0.6993545100719125,0.169231,1,-0.6589744436774078,0.1600031796843969,0,0,0,1,0,0,0,0,0,0,0,0,1,0,0,0,0,0,0,0,0,0,0,0,0,0,0,0,0,0
0.65,-0.17981512673108785,0.37943248519308703,-0.4221371938263633,-0.846154,1,0.3369567054572136,1.7871541595257203,0,0,0,1,0,0,0,0,0,0,0,0,0,0,0,1,0,0,0,0,0,0,0,0,0,0,0,0,0,0
0.6,-0.17843487327044183,0.37943248519308703,-0.7846521458397737,-0.569231,1,-0.6589744436774078,0.1600031796843969,0,0,0,1,0,0,0,1,0,0,0,0,0,0,0,0,0,0,0,0,0,0,0,0,0,0,0,0,0,0
0.5,-0.15648884324616988,-0.037322746285773555,-0.7633277368978084,-0.261538,1,-0.6589744436774078,0.1600031796843969,0,0,0,1,0,0,0,0,0,0,0,0,0,0,0,0,0,0,0,0,0,1,0,0,0,0,0,0,0,0
0.55,-0.18768257145677025,2.0464534111085295,-0.8912741905496003,-0.507692,1,-0.6589744436774078,0.1600031796843969,0,0,0,1,0,0,0,0,0,0,0,0,0,0,0,1,0,0,0,0,0,0,0,0,0,0,0,0,0,0
0.55,-0.18402489978605827,-0.28737588517308993,-0.336839558058502,-0.846154,-1,2.3288190037264562,1.7871541595257203,0,0,0,1,0,0,0,0,0,0,0,0,0,0,0,1,0,0,0,0,0,0,0,0,0,0,0,0,0,0
0.6,-0.1855431785927689,-0.037322746285773555,-0.7206789190138778,-0.6,-1,0.3369567054572136,1.7871541595257203,0,0,0,1,0,0,0,1,0,0,0,0,0,0,0,0,0,0,0,0,0,0,0,0,0,0,0,0,0,0
0.55,-0.17470818892669754,0.37943248519308703,-0.8486253726656697,-0.046154,-1,-0.6589744436774078,-0.6535723102362648,0,0,0,1,0,0,0,0,0,0,0,0,0,0,0,1,0,0,0,0,0,0,0,0,0,0,0,0,0,0
0.7,-0.18022920276928167,-0.2040248388773178,-0.46478601171029393,-0.753846,-1,0.3369567054572136,0.1600031796843969,0,0,0,1,0,0,0,1,0,0,0,0,0,0,0,0,0,0,0,0,0,0,0,0,0,0,0,0,0,0
0.65,-0.16539147806733678,-0.037322746285773555,-0.5074348295942246,-0.723077,-1,-0.6589744436774078,0.1600031796843969,0,0,0,1,0,0,0,0,0,0,0,0,0,0,0,0,0,0,0,0,0,0,1,0,0,0,0,0,0,0
0.45,-0.17305188477392228,-0.37072693146886204,-0.6780301011299471,-0.169231,-1,0.3369567054572136,0.1600031796843969,0,0,0,1,0,0,0,0,0,0,0,0,0,0,0,1,0,0,0,0,0,0,0,0,0,0,0,0,0,0
0.5,-0.18326576038270295,-0.45407797776463416,-0.6780301011299471,-0.415385,-1,0.3369567054572136,1.7871541595257203,0,0,0,1,0,0,0,0,0,1,0,0,0,0,0,0,0,0,0,0,0,0,0,0,0,0,0,0,0,0
0.45,-0.18864874887922248,1.2129429481508083,-0.8912741905496003,-0.507692,-1,-0.6589744436774078,0.1600031796843969,0,0,0,1,0,0,0,0,0,0,0,0,1,0,0,0,0,0,0,0,0,0,0,0,0,0,0,0,0,0
0.55,-0.1610436796663018,-0.37072693146886204,-0.4221371938263633,-0.2,-1,0.3369567054572136,1.7871541595257203,0,0,0,1,0,0,0,1,0,0,0,0,0,0,0,0,0,0,0,0,0,0,0,0,0,0,0,0,0,0
0.5,-0.19016702768593313,-0.037322746285773555,-0.7633277368978084,0.046154,-1,-0.6589744436774078,0.1600031796843969,0,0,0,1,0,0,0,0,0,0,0,0,0,0,0,1,0,0,0,0,0,0,0,0,0,0,0,0,0,0
0.55,-0.14841436050139056,-0.45407797776463416,-0.8059765547817391,-0.384615,-1,-0.6589744436774078,-0.6535723102362648,0,0,0,1,0,0,0,0,0,1,0,0,0,0,0,0,0,0,0,0,0,0,0,0,0,0,0,0,0,0
0.5,-0.17643350575250508,-0.037322746285773555,-0.8486253726656697,0.015385,-1,-0.6589744436774078,-0.6535723102362648,0,0,0,1,0,0,0,1,0,0,0,0,0,0,0,0,0,0,0,0,0,0,0,0,0,0,0,0,0,0
0.5,-0.18326576038270295,-0.28737588517308993,-0.6993545100719125,-0.076923,-1,-0.6589744436774078,0.1600031796843969,0,0,0,1,0,0,0,0,0,1,0,0,0,0,0,0,0,0,0,0,0,0,0,0,0,0,0,0,0,0
0.55,-0.14841436050139056,-0.45407797776463416,-0.8059765547817391,-0.384615,1,-0.6589744436774078,-0.6535723102362648,0,0,0,1,0,0,0,0,0,1,0,0,0,0,0,0,0,0,0,0,0,0,0,0,0,0,0,0,0,0
0.5,-0.17643350575250508,-0.037322746285773555,-0.8486253726656697,0.015385,1,-0.6589744436774078,-0.6535723102362648,0,0,0,1,0,0,0,1,0,0,0,0,0,0,0,0,0,0,0,0,0,0,0,0,0,0,0,0,0,0
0.5,-0.18326576038270295,-0.28737588517308993,-0.6993545100719125,-0.076923,1,-0.6589744436774078,0.1600031796843969,0,0,0,1,0,0,0,0,0,1,0,0,0,0,0,0,0,0,0,0,0,0,0,0,0,0,0,0,0,0
0.5,-0.19016702768593313,-0.037322746285773555,-0.7633277368978084,0.046154,1,-0.6589744436774078,0.1600031796843969,0,0,0,1,0,0,0,0,0,0,0,0,0,0,0,1,0,0,0,0,0,0,0,0,0,0,0,0,0,0
0.7,-0.14303137200487104,-0.037322746285773555,-0.46478601171029393,-0.753846,1,0.3369567054572136,0.1600031796843969,0,0,0,1,0,0,0,0,0,0,0,0,0,0,0,1,0,0,0,0,0,0,0,0,0,0,0,0,0,0
0.55,-0.19189234451174067,-0.2040248388773178,-0.8273009637237044,-0.261538,1,-0.6589744436774078,0.1600031796843969,0,0,0,1,0,0,0,0,0,0,0,0,0,0,0,0,0,0,0,0,0,1,0,0,0,0,0,0,0,0
0.3,-0.19161629381961146,-0.2040248388773178,-0.9127905191720433,-0.261538,1,-0.6589744436774078,-0.6535723102362648,0,0,0,1,0,0,0,0,0,0,0,0,1,0,0,0,0,0,0,0,0,0,0,0,0,0,0,0,0,0
0.5,-0.19016702768593313,-0.28737588517308993,-0.7420033279558431,-0.076923,1,0.3369567054572136,0.1600031796843969,0,0,0,1,0,0,0,0,0,0,0,0,0,0,0,1,0,0,0,0,0,0,0,0,0,0,0,0,0,0
0.5,-0.189683938974707,-0.41240245461674807,-0.7206789190138778,-0.107692,-1,-0.6589744436774078,0.1600031796843969,0,0,0,1,0,0,0,1,0,0,0,0,0,0,0,0,0,0,0,0,0,0,0,0,0,0,0,0,0,0
0.6,-0.18223057028721842,-0.037322746285773555,-0.4221371938263633,-0.846154,-1,0.3369567054572136,1.7871541595257203,0,0,0,1,0,0,0,0,0,0,0,0,0,0,0,0,0,0,0,0,0,0,1,0,0,0,0,0,0,0
0.5,-0.15648884324616988,-0.037322746285773555,-0.7633277368978084,-0.169231,-1,-0.6589744436774078,0.1600031796843969,0,0,0,1,0,0,0,0,0,0,0,0,0,0,0,1,0,0,0,0,0,0,0,0,0,0,0,0,0,0
0.5,-0.19140925580051454,-0.28737588517308993,-0.933923008433531,-0.569231,-1,-0.6589744436774078,-0.6535723102362648,0,0,0,1,0,0,0,0,0,0,0,0,0,0,0,1,0,0,0,0,0,0,0,0,0,0,0,0,0,0
0.85,-0.1895459136286424,-0.037322746285773555,-0.7846521458397737,-0.569231,-1,-0.6589744436774078,0.1600031796843969,0,0,0,1,0,0,0,0,0,0,0,0,0,0,0,1,0,0,0,0,0,0,0,0,0,0,0,0,0,0
0.6,-0.19002900233986852,-0.28737588517308993,-0.7206789190138778,-0.6,-1,0.3369567054572136,1.7871541595257203,0,0,0,1,0,0,0,1,0,0,0,0,0,0,0,0,0,0,0,0,0,0,0,0,0,0,0,0,0,0
0.55,0.12004493759426324,1.2129429481508083,-0.6460434877169992,-0.538462,1,0.3369567054572136,0.1600031796843969,0,0,0,0,1,0,0,0,0,1,0,0,0,0,0,0,0,0,0,0,0,0,0,0,0,0,0,0,0,0
0.55,0.12004493759426324,3.713474337023972,-0.7100167145428952,-0.323077,1,-0.6589744436774078,-0.6535723102362648,0,0,0,0,1,0,0,0,0,1,0,0,0,0,0,0,0,0,0,0,0,0,0,0,0,0,0,0,0,0
0.4,-0.16207886976178631,-0.037322746285773555,-0.5074348295942246,-0.723077,1,-0.6589744436774078,0.1600031796843969,0,0,0,0,1,0,0,1,0,0,0,0,0,0,0,0,0,0,0,0,0,0,0,0,0,0,0,0,0,0
0.45,-0.15283117157545786,0.37943248519308703,-0.8912741905496003,-0.507692,1,-0.6589744436774078,-1.4671478001569265,0,0,0,0,1,0,0,1,0,0,0,0,0,0,0,0,0,0,0,0,0,0,0,0,0,0,0,0,0,0
0.55,0.12004493759426324,2.0464534111085295,-0.6460434877169992,-0.538462,1,0.3369567054572136,0.1600031796843969,0,0,0,0,1,0,0,0,0,1,0,0,0,0,0,0,0,0,0,0,0,0,0,0,0,0,0,0,0,0
0.55,0.12004493759426324,3.713474337023972,-0.7100167145428952,-0.323077,1,-0.6589744436774078,-0.6535723102362648,0,0,0,0,1,0,0,1,0,0,0,0,0,0,0,0,0,0,0,0,0,0,0,0,0,0,0,0,0,0
0.1,-0.16787593429649966,1.2129429481508083,-0.6140568743040512,-0.353846,1,-0.6589744436774078,0.1600031796843969,0,0,0,0,1,0,0,0,0,0,0,0,0,0,0,1,0,0,0,0,0,0,0,0,0,0,0,0,0,0
0.45,-0.15283117157545786,3.713474337023972,-0.869949781607635,-0.630769,1,-0.6589744436774078,-0.6535723102362648,0,0,0,0,1,0,0,0,0,1,0,0,0,0,0,0,0,0,0,0,0,0,0,0,0,0,0,0,0,0
0.55,0.12004493759426324,3.713474337023972,-0.7100167145428952,-0.323077,1,-0.6589744436774078,-0.6535723102362648,0,0,0,0,1,0,0,0,0,1,0,0,0,0,0,0,0,0,0,0,0,0,0,0,0,0,0,0,0,0
0.45,-0.15283117157545786,2.0464534111085295,-0.8912741905496003,-0.507692,-1,-0.6589744436774078,-1.4671478001569265,0,0,0,0,1,0,0,0,0,1,0,0,0,0,0,0,0,0,0,0,0,0,0,0,0,0,0,0,0,0
0.55,2.2402522784926377,-0.28737588517308993,-0.6993545100719125,-0.046154,-1,-0.6589744436774078,3.4143051393670443,0,0,0,0,1,0,0,0,0,0,0,0,0,0,0,1,0,0,0,0,0,0,0,0,0,0,0,0,0,0
0.5,-0.1698082891414041,-0.28737588517308993,-0.18756869546474475,-0.815385,-1,0.3369567054572136,1.7871541595257203,0,0,0,0,1,0,0,1,0,0,0,0,0,0,0,0,0,0,0,0,0,0,0,0,0,0,0,0,0,0
0.1,-0.16787593429649966,0.37943248519308703,-0.6140568743040512,-0.353846,-1,-0.6589744436774078,0.1600031796843969,0,0,0,0,1,0,0,1,0,0,0,0,0,0,0,0,0,0,0,0,0,0,0,0,0,0,0,0,0,0
0.4,-0.16207886976178631,-0.12067379258154567,-0.5074348295942246,-0.723077,-1,-0.6589744436774078,0.1600031796843969,0,0,0,0,1,0,0,1,0,0,0,0,0,0,0,0,0,0,0,0,0,0,0,0,0,0,0,0,0,0
0.45,-0.07298350887708475,-0.28737588517308993,0.3668659370263536,0.815385,-1,0.3369567054572136,0.1600031796843969,0,0,0,0,1,0,0,1,0,0,0,0,0,0,0,0,0,0,0,0,0,0,0,0,0,0,0,0,0,0
0.45,-0.07298350887708475,-0.28737588517308993,0.3668659370263536,0.815385,1,0.3369567054572136,0.1600031796843969,0,0,0,0,1,0,0,1,0,0,0,0,0,0,0,0,0,0,0,0,0,0,0,0,0,0,0,0,0,0
0.65,-0.18733750809160876,-0.45407797776463416,1.3691131572987236,-0.507692,1,2.3288190037264562,1.7871541595257203,0,0,0,0,1,0,0,1,0,0,0,0,0,0,0,0,0,0,0,0,0,0,0,0,0,0,0,0,0,0
0.45,-0.15283117157545786,0.37943248519308703,-0.8486253726656697,-0.753846,1,-0.6589744436774078,0.1600031796843969,0,0,0,0,1,0,0,0,0,1,0,0,0,0,0,0,0,0,0,0,0,0,0,0,0,0,0,0,0,0
0.7,-0.09693090641929346,-0.45407797776463416,1.518405344301423,0.538462,1,0.3369567054572136,1.7871541595257203,0,0,0,0,1,0,0,1,0,0,0,0,0,0,0,0,0,0,0,0,0,0,0,0,0,0,0,0,0,0
0.4,-0.16207886976178631,-0.12067379258154567,-0.44346160276832863,-0.753846,1,0.3369567054572136,0.1600031796843969,0,0,0,0,1,0,0,1,0,0,0,0,0,0,0,0,0,0,0,0,0,0,0,0,0,0,0,0,0,0
0.45,-0.15283117157545786,0.37943248519308703,-0.8486253726656697,-0.753846,1,-0.6589744436774078,0.1600031796843969,0,0,0,0,1,0,0,1,0,0,0,0,0,0,0,0,0,0,0,0,0,0,0,0,0,0,0,0,0,0
0.7,-0.09693090641929346,-0.45407797776463416,1.518405344301423,0.538462,1,0.3369567054572136,1.7871541595257203,0,0,0,0,1,0,0,1,0,0,0,0,0,0,0,0,0,0,0,0,0,0,0,0,0,0,0,0,0,0
-0.35,-0.18036722811534628,-0.41240245461674807,2.5632800580487816,0.538462,1,0.3369567054572136,1.7871541595257203,0,0,0,0,1,0,0,1,0,0,0,0,0,0,0,0,0,0,0,0,0,0,0,0,0,0,0,0,0,0
0.4,-0.16207886976178631,-0.28737588517308993,-0.44346160276832863,-0.753846,1,0.3369567054572136,0.1600031796843969,0,0,0,0,1,0,0,1,0,0,0,0,0,0,0,0,0,0,0,0,0,0,0,0,0,0,0,0,0,0
0.4,-0.16207886976178631,-0.12067379258154567,-0.44346160276832863,-0.753846,1,0.3369567054572136,0.1600031796843969,0,0,0,0,1,0,0,1,0,0,0,0,0,0,0,0,0,0,0,0,0,0,0,0,0,0,0,0,0,0
0.1,-0.16787593429649966,0.37943248519308703,-0.5500836474781552,-0.415385,1,0.3369567054572136,0.1600031796843969,0,0,0,0,1,0,0,0,0,0,0,0,0,0,0,1,0,0,0,0,0,0,0,0,0,0,0,0,0,0
0.4,-0.16207886976178631,-0.2040248388773178,-0.5074348295942246,-0.723077,1,-0.6589744436774078,0.1600031796843969,0,0,0,0,1,0,0,1,0,0,0,0,0,0,0,0,0,0,0,0,0,0,0,0,0,0,0,0,0,0
0.65,-0.18733750809160876,-0.45407797776463416,1.3691131572987236,-0.507692,1,2.3288190037264562,1.7871541595257203,0,0,0,0,1,0,0,1,0,0,0,0,0,0,0,0,0,0,0,0,0,0,0,0,0,0,0,0,0,0
0.6,2.3279673859166934,-0.28737588517308993,0.3668659370263536,0.969231,1,-0.6589744436774078,0.1600031796843969,0,0,0,0,1,0,0,1,0,0,0,0,0,0,0,0,0,0,0,0,0,0,0,0,0,0,0,0,0,0
0.5,-0.1698082891414041,-0.2040248388773178,-0.18756869546474475,-0.815385,1,0.3369567054572136,1.7871541595257203,0,0,0,0,1,0,0,1,0,0,0,0,0,0,0,0,0,0,0,0,0,0,0,0,0,0,0,0,0,0
0.1,-0.19147826847354685,-0.28737588517308993,-0.44346160276832863,-0.138462,1,0.3369567054572136,0.1600031796843969,0,0,0,0,1,0,0,1,0,0,0,0,0,0,0,0,0,0,0,0,0,0,0,0,0,0,0,0,0,0
0.15,-0.19161629381961146,-0.41240245461674807,-0.7739899413687911,-0.630769,1,-0.6589744436774078,0.1600031796843969,0,0,0,0,1,0,0,0,0,0,0,0,1,0,0,0,0,0,0,0,0,0,0,0,0,0,0,0,0,0
0.45,-0.15283117157545786,0.37943248519308703,-0.8486253726656697,-0.753846,1,-0.6589744436774078,0.1600031796843969,0,0,0,0,1,0,0,0,0,1,0,0,0,0,0,0,0,0,0,0,0,0,0,0,0,0,0,0,0,0
0.4,-0.16207886976178631,-0.28737588517308993,-0.44346160276832863,-0.753846,1,0.3369567054572136,0.1600031796843969,0,0,0,0,1,0,0,1,0,0,0,0,0,0,0,0,0,0,0,0,0,0,0,0,0,0,0,0,0,0
0.5,0.6584818125922814,-0.45407797776463416,-0.5287592385361899,0.2,1,-0.6589744436774078,1.7871541595257203,0,0,0,0,1,0,0,0,0,1,0,0,0,0,0,0,0,0,0,0,0,0,0,0,0,0,0,0,0,0
0.5,-0.1698082891414041,-0.37072693146886204,-0.2515419222906407,-0.784615,1,0.3369567054572136,0.1600031796843969,0,0,0,0,1,0,0,1,0,0,0,0,0,0,0,0,0,0,0,0,0,0,0,0,0,0,0,0,0,0
0.6,2.3279673859166934,-0.41240245461674807,0.3668659370263536,1.0,1,-0.6589744436774078,0.1600031796843969,0,0,0,0,1,0,0,1,0,0,0,0,0,0,0,0,0,0,0,0,0,0,0,0,0,0,0,0,0,0
0.45,-0.07298350887708475,-0.41240245461674807,0.3668659370263536,0.815385,1,0.3369567054572136,0.1600031796843969,0,0,0,0,1,0,0,1,0,0,0,0,0,0,0,0,0,0,0,0,0,0,0,0,0,0,0,0,0,0
0.7,-0.19196135718477297,-0.37072693146886204,0.17494625654866572,-0.630769,-1,0.3369567054572136,0.1600031796843969,0,0,0,0,1,0,0,1,0,0,0,0,0,0,0,0,0,0,0,0,0,0,0,0,0,0,0,0,0,0
0.6,2.3279673859166934,-0.41240245461674807,0.3668659370263536,1.0,-1,-0.6589744436774078,0.1600031796843969,0,0,0,0,1,0,0,1,0,0,0,0,0,0,0,0,0,0,0,0,0,0,0,0,0,0,0,0,0,0
0.45,-0.07298350887708475,-0.45407797776463416,0.3668659370263536,0.753846,-1,0.3369567054572136,0.1600031796843969,0,0,0,0,1,0,0,1,0,0,0,0,0,0,0,0,0,0,0,0,0,0,0,0,0,0,0,0,0,0
0.5,-0.1698082891414041,-0.37072693146886204,-0.2515419222906407,-0.784615,-1,0.3369567054572136,0.1600031796843969,0,0,0,0,1,0,0,1,0,0,0,0,0,0,0,0,0,0,0,0,0,0,0,0,0,0,0,0,0,0
0.5,-0.1698082891414041,-0.28737588517308993,-0.31551514911653666,-0.784615,-1,-0.6589744436774078,0.1600031796843969,0,0,0,0,1,0,0,1,0,0,0,0,0,0,0,0,0,0,0,0,0,0,0,0,0,0,0,0,0,0
0.1,-0.19147826847354685,-0.28737588517308993,-0.44346160276832863,-0.138462,-1,0.3369567054572136,0.1600031796843969,0,0,0,0,1,0,0,1,0,0,0,0,0,0,0,0,0,0,0,0,0,0,0,0,0,0,0,0,0,0
0.45,-0.15283117157545786,0.37943248519308703,-0.8912741905496003,-0.507692,-1,-0.6589744436774078,-1.4671478001569265,0,0,0,0,1,0,0,1,0,0,0,0,0,0,0,0,0,0,0,0,0,0,0,0,0,0,0,0,0,0
0.45,-0.15283117157545786,0.37943248519308703,-0.8486253726656697,-0.753846,-1,-0.6589744436774078,0.1600031796843969,0,0,0,0,1,0,0,1,0,0,0,0,0,0,0,0,0,0,0,0,0,0,0,0,0,0,0,0,0,0
0.45,-0.19216839520386989,-0.37072693146886204,0.47348798173618023,-0.107692,-1,0.3369567054572136,0.1600031796843969,0,0,0,0,1,0,0,0,0,1,0,0,0,0,0,0,0,0,0,0,0,0,0,0,0,0,0,0,0,0
0.5,-0.1698082891414041,-0.45407797776463416,-0.27286633123260606,-0.661538,-1,0.3369567054572136,1.7871541595257203,0,0,0,0,1,0,0,1,0,0,0,0,0,0,0,0,0,0,0,0,0,0,0,0,0,0,0,0,0,0
0.45,-0.15283117157545786,3.713474337023972,-0.869949781607635,-0.630769,-1,-0.6589744436774078,-0.6535723102362648,0,0,0,0,1,0,0,1,0,0,0,0,0,0,0,0,0,0,0,0,0,0,0,0,0,0,0,0,0,0
0.5,-0.1698082891414041,-0.37072693146886204,-0.2515419222906407,-0.784615,-1,0.3369567054572136,0.1600031796843969,0,0,0,0,1,0,0,1,0,0,0,0,0,0,0,0,0,0,0,0,0,0,0,0,0,0,0,0,0,0
0.65,-0.18733750809160876,-0.45407797776463416,2.2860627418032324,-0.753846,-1,0.3369567054572136,1.7871541595257203,0,0,0,0,1,0,0,0,0,0,0,0,0,0,0,0,0,0,0,0,0,0,1,0,0,0,0,0,0,0
-0.6,-0.19189234451174067,-0.41240245461674807,-0.9872340307884443,-0.6,-1,-1.1569400182447185,-1.4671478001569265,0,0,0,0,1,0,0,1,0,0,0,0,0,0,0,0,0,0,0,0,0,0,0,0,0,0,0,0,0,0
0.5,-0.1698082891414041,-0.41240245461674807,-0.31551514911653666,-0.784615,-1,-0.6589744436774078,0.1600031796843969,0,0,0,0,1,0,0,1,0,0,0,0,0,0,0,0,0,0,0,0,0,0,0,0,0,0,0,0,0,0
0.65,-0.18733750809160876,-0.45407797776463416,2.2860627418032324,-0.753846,1,0.3369567054572136,1.7871541595257203,0,0,0,0,1,0,0,0,0,0,0,0,0,0,0,0,0,0,0,0,0,0,1,0,0,0,0,0,0,0
-0.6,-0.19189234451174067,-0.45407797776463416,-0.965909621846479,-0.753846,1,-0.6589744436774078,-1.4671478001569265,0,0,0,0,1,0,0,0,0,0,0,0,1,0,0,0,0,0,0,0,0,0,0,0,0,0,0,0,0,0
0.5,-0.1698082891414041,-0.45407797776463416,-0.27286633123260606,-0.661538,1,0.3369567054572136,1.7871541595257203,0,0,0,0,1,0,0,1,0,0,0,0,0,0,0,0,0,0,0,0,0,0,0,0,0,0,0,0,0,0
0.45,-0.15283117157545786,0.37943248519308703,-0.8486253726656697,-0.753846,1,-0.6589744436774078,0.1600031796843969,0,0,0,0,1,0,0,1,0,0,0,0,0,0,0,0,0,0,0,0,0,0,0,0,0,0,0,0,0,0
0.25,-0.1895459136286424,-0.45407797776463416,1.049247023169244,0.353846,1,0.3369567054572136,0.1600031796843969,0,0,0,0,1,0,0,0,0,0,0,0,0,0,0,0,0,0,0,1,0,0,0,0,0,0,0,0,0,0
0.6,-0.17270682140876079,-0.45407797776463416,0.8999761605754867,-0.076923,1,-0.6589744436774078,1.7871541595257203,0,0,0,0,1,0,0,0,0,0,0,0,0,0,1,0,0,0,0,0,0,0,0,0,0,0,0,0,0,0
-0.1,-0.19147826847354685,-0.45407797776463416,0.8999761605754867,0.292308,1,0.3369567054572136,0.1600031796843969,0,0,0,0,1,0,0,1,0,0,0,0,0,0,0,0,0,0,0,0,0,0,0,0,0,0,0,0,0,0
0.15,-0.19161629381961146,-0.45407797776463416,-0.7100167145428952,-0.692308,1,0.3369567054572136,0.1600031796843969,0,0,0,0,1,0,0,0,0,0,0,0,0,0,0,1,0,0,0,0,0,0,0,0,0,0,0,0,0,0
0.5,-0.1698082891414041,-0.45407797776463416,-0.31551514911653666,-0.2,1,-0.6589744436774078,0.1600031796843969,0,0,0,0,1,0,0,1,0,0,0,0,0,0,0,0,0,0,0,0,0,0,0,0,0,0,0,0,0,0
0.65,-0.18733750809160876,-0.45407797776463416,2.5419556491068165,-0.661538,1,2.3288190037264562,1.7871541595257203,0,0,0,0,1,0,0,1,0,0,0,0,0,0,0,0,0,0,0,0,0,0,0,0,0,0,0,0,0,0
1.0,-0.19230642054993446,-0.45407797776463416,-0.9872340307884443,-0.292308,1,-1.1569400182447185,-1.4671478001569265,0,0,0,0,1,0,0,1,0,0,0,0,0,0,0,0,0,0,0,0,0,0,0,0,0,0,0,0,0,0
-1.0,-0.19230642054993446,-0.41240245461674807,1.1132202499951398,-0.138462,1,0.3369567054572136,1.7871541595257203,0,0,0,0,1,0,0,0,0,1,0,0,0,0,0,0,0,0,0,0,0,0,0,0,0,0,0,0,0,0
0.65,-0.18733750809160876,-0.45407797776463416,2.5419556491068165,-0.784615,1,2.3288190037264562,1.7871541595257203,0,0,0,0,1,0,0,0,0,0,0,0,0,0,0,0,0,0,0,0,0,0,1,0,0,0,0,0,0,0
0.6,-0.17270682140876079,-0.45407797776463416,0.8999761605754867,-0.076923,1,-0.6589744436774078,1.7871541595257203,0,0,0,0,1,0,0,0,0,0,0,0,0,0,1,0,0,0,0,0,0,0,0,0,0,0,0,0,0,0
0.5,-0.09354928544071067,-0.45407797776463416,-0.7848440655202514,0.076923,1,-0.6589744436774078,-0.6535723102362648,0,0,0,0,1,0,0,1,0,0,0,0,0,0,0,0,0,0,0,0,0,0,0,0,0,0,0,0,0,0
0.8,-0.19161629381961146,-0.037322746285773555,-0.46478601171029393,-0.353846,-1,0.3369567054572136,0.1600031796843969,0,0,0,0,0,1,0,1,0,0,0,0,0,0,0,0,0,0,0,0,0,0,0,0,0,0,0,0,0,0
0.5,-0.18878677422528709,-0.037322746285773555,-0.7206789190138778,-0.292308,-1,-0.6589744436774078,0.1600031796843969,0,0,0,0,0,1,0,0,0,1,0,0,0,0,0,0,0,0,0,0,0,0,0,0,0,0,0,0,0,0
0.65,-0.189683938974707,-0.28737588517308993,-0.5287592385361899,-0.076923,-1,-0.6589744436774078,0.1600031796843969,0,0,0,0,0,1,0,0,0,1,0,0,0,0,0,0,0,0,0,0,0,0,0,0,0,0,0,0,0,0
0.35,-0.18726849541857646,-0.037322746285773555,-0.8059765547817391,-0.230769,-1,-0.6589744436774078,-0.6535723102362648,0,0,0,0,0,1,0,0,0,0,0,0,0,0,0,0,0,0,0,0,0,1,0,0,0,0,0,0,0,0
0.65,-0.1895459136286424,-0.28737588517308993,-0.5287592385361899,-0.076923,-1,-0.6589744436774078,0.1600031796843969,0,0,0,0,0,1,0,0,0,0,0,0,0,0,0,0,0,0,0,0,0,1,0,0,0,0,0,0,0,0
0.65,-0.189683938974707,-0.2040248388773178,-0.48611042065225923,-0.169231,-1,0.3369567054572136,0.1600031796843969,0,0,0,0,0,1,0,0,0,0,0,0,0,0,0,0,0,0,0,0,0,1,0,0,0,0,0,0,0,0
0.2,-0.19140925580051454,-0.37072693146886204,-0.9552474173754963,0.076923,-1,-1.1569400182447185,-1.4671478001569265,0,0,0,0,0,1,0,1,0,0,0,0,0,0,0,0,0,0,0,0,0,0,0,0,0,0,0,0,0,0
0.5,-0.18878677422528709,-0.12067379258154567,-0.7206789190138778,-0.292308,-1,-0.6589744436774078,0.1600031796843969,0,0,0,0,0,1,0,0,0,0,0,0,0,0,0,1,0,0,0,0,0,0,0,0,0,0,0,0,0,0
0.55,-0.17091249190992094,-0.37072693146886204,-0.6780301011299471,-0.415385,-1,-0.6589744436774078,0.1600031796843969,0,0,0,0,0,1,0,1,0,0,0,0,0,0,0,0,0,0,0,0,0,0,0,0,0,0,0,0,0,0
-0.4,-0.19209938253083758,-0.28737588517308993,-0.5074348295942246,-0.323077,1,-0.6589744436774078,0.1600031796843969,0,0,0,0,0,1,0,0,0,0,0,0,0,0,0,1,0,0,0,0,0,0,0,0,0,0,0,0,0,0
0.35,-0.1894078882825778,-0.037322746285773555,-0.9765718263174616,0.015385,1,-1.1569400182447185,-1.4671478001569265,0,0,0,0,0,1,0,0,0,0,0,0,0,0,0,1,0,0,0,0,0,0,0,0,0,0,0,0,0,0
0.45,-0.19030505303199774,-0.12067379258154567,-0.31551514911653666,-0.415385,1,0.3369567054572136,0.1600031796843969,0,0,0,0,0,1,0,1,0,0,0,0,0,0,0,0,0,0,0,0,0,0,0,0,0,0,0,0,0,0
0.35,-0.1894078882825778,-0.037322746285773555,-0.9765718263174616,0.015385,1,-1.1569400182447185,-1.4671478001569265,0,0,0,0,0,1,0,1,0,0,0,0,0,0,0,0,0,0,0,0,0,0,0,0,0,0,0,0,0,0
0.45,-0.19161629381961146,-0.37072693146886204,-0.3794883759424327,-0.384615,1,-0.6589744436774078,0.1600031796843969,0,0,0,0,0,1,0,1,0,0,0,0,0,0,0,0,0,0,0,0,0,0,0,0,0,0,0,0,0,0
0.35,-0.18726849541857646,-0.2040248388773178,-0.8486253726656697,-0.230769,1,-0.6589744436774078,-1.4671478001569265,0,0,0,0,0,1,0,0,0,0,0,0,0,0,0,0,0,0,0,0,0,1,0,0,0,0,0,0,0,0
-0.15,-0.19189234451174067,-0.41240245461674807,-0.5927324653620859,-0.384615,1,-0.6589744436774078,0.1600031796843969,0,0,0,0,0,1,0,0,0,0,0,0,0,0,0,1,0,0,0,0,0,0,0,0,0,0,0,0,0,0
0.65,-0.19127123045444996,-0.41240245461674807,-0.400812784884398,0.015385,1,-0.6589744436774078,0.1600031796843969,0,0,0,0,0,1,0,0,0,0,0,0,0,0,0,1,0,0,0,0,0,0,0,0,0,0,0,0,0,0
0.35,-0.19099517976232075,-0.28737588517308993,-0.3794883759424327,-0.384615,1,-0.6589744436774078,0.1600031796843969,0,0,0,0,0,1,0,0,0,1,0,0,0,0,0,0,0,0,0,0,0,0,0,0,0,0,0,0,0,0
0.5,-0.19147826847354685,-0.37072693146886204,-0.400812784884398,0.015385,1,-0.6589744436774078,0.1600031796843969,0,0,0,0,0,1,0,0,0,1,0,0,0,0,0,0,0,0,0,0,0,0,0,0,0,0,0,0,0,0
0.35,-0.18726849541857646,-0.2040248388773178,-0.8059765547817391,-0.230769,1,-0.6589744436774078,-0.6535723102362648,0,0,0,0,0,1,0,1,0,0,0,0,0,0,0,0,0,0,0,0,0,0,0,0,0,0,0,0,0,0
0.55,-0.17091249190992094,-0.37072693146886204,-0.6780301011299471,-0.415385,1,-0.6589744436774078,0.1600031796843969,0,0,0,0,0,1,0,1,0,0,0,0,0,0,0,0,0,0,0,0,0,0,0,0,0,0,0,0,0,0
0.7,-0.19189234451174067,-0.28737588517308993,-0.48611042065225923,-0.107692,-1,0.3369567054572136,0.1600031796843969,0,0,0,0,0,1,0,0,0,1,0,0,0,0,0,0,0,0,0,0,0,0,0,0,0,0,0,0,0,0
0.35,-0.18726849541857646,-0.37072693146886204,-0.8912741905496003,-0.230769,-1,-0.6589744436774078,-1.4671478001569265,0,0,0,0,0,1,0,0,0,0,0,0,0,0,0,1,0,0,0,0,0,0,0,0,0,0,0,0,0,0
0.35,-0.18726849541857646,-0.37072693146886204,-0.7633277368978084,-0.230769,-1,-0.6589744436774078,0.1600031796843969,0,0,0,0,0,1,0,0,0,0,0,0,0,0,0,0,0,0,0,0,0,1,0,0,0,0,0,0,0,0
0.55,-0.19071912907019153,-0.2040248388773178,-0.3794883759424327,-0.446154,-1,-0.6589744436774078,0.1600031796843969,0,0,0,0,0,1,0,1,0,0,0,0,0,0,0,0,0,0,0,0,0,0,0,0,0,0,0,0,0,0
0.4,-0.1898219643207716,-0.41240245461674807,-0.933923008433531,-0.015385,-1,-0.6589744436774078,-1.4671478001569265,0,0,0,0,0,1,0,0,0,0,0,0,0,0,0,1,0,0,0,0,0,0,0,0,0,0,0,0,0,0
0.55,-0.19044307837806232,-0.37072693146886204,0.0683242118388391,-0.507692,-1,2.3288190037264562,1.7871541595257203,0,0,0,0,0,1,0,0,0,1,0,0,0,0,0,0,0,0,0,0,0,0,0,0,0,0,0,0,0,0
0.45,-0.18243760830631534,-0.28737588517308993,-0.6140568743040512,-0.353846,-1,0.3369567054572136,0.1600031796843969,0,0,0,0,0,1,0,0,0,0,0,0,0,0,0,1,0,0,0,0,0,0,0,0,0,0,0,0,0,0
0.35,-0.18726849541857646,-0.45407797776463416,-0.8059765547817391,-0.015385,1,-0.6589744436774078,-0.6535723102362648,0,0,0,0,0,1,0,0,0,0,0,0,0,0,0,0,0,0,0,0,0,1,0,0,0,0,0,0,0,0
0.35,-0.18726849541857646,-0.41240245461674807,-0.8912741905496003,-0.230769,1,-0.6589744436774078,-1.4671478001569265,0,0,0,0,0,1,0,0,0,0,0,0,0,0,0,0,0,0,0,0,0,1,0,0,0,0,0,0,0,0
0.95,-0.19113320510838536,-0.45407797776463416,2.392684786513059,-0.815385,1,2.3288190037264562,3.4143051393670443,0,0,0,0,0,1,0,1,0,0,0,0,0,0,0,0,0,0,0,0,0,0,0,0,0,0,0,0,0,0
0.6,-0.19127123045444996,-0.12067379258154567,-0.31551514911653666,-0.353846,1,0.3369567054572136,0.1600031796843969,0,0,0,0,0,1,0,0,0,1,0,0,0,0,0,0,0,0,0,0,0,0,0,0,0,0,0,0,0,0
0.35,-0.18726849541857646,-0.37072693146886204,-0.9125985994915657,-0.169231,1,-1.1569400182447185,-1.4671478001569265,0,0,0,0,0,1,0,0,0,0,0,0,0,0,0,1,0,0,0,0,0,0,0,0,0,0,0,0,0,0
0.35,-0.18719948274554415,-0.41240245461674807,-0.6140568743040512,-0.353846,1,0.3369567054572136,0.1600031796843969,0,0,0,0,0,1,0,0,0,0,0,0,1,0,0,0,0,0,0,0,0,0,0,0,0,0,0,0,0,0
0.35,-0.18726849541857646,-0.28737588517308993,-0.9125985994915657,-0.169231,1,-1.1569400182447185,-1.4671478001569265,0,0,0,0,0,1,0,0,0,0,0,0,0,0,0,0,0,0,0,0,0,1,0,0,0,0,0,0,0,0
-0.15,-0.19189234451174067,-0.45407797776463416,-0.5927324653620859,-0.384615,1,-0.6589744436774078,0.1600031796843969,0,0,0,0,0,1,0,1,0,0,0,0,0,0,0,0,0,0,0,0,0,0,0,0,0,0,0,0,0,0
0.6,-0.19140925580051454,-0.37072693146886204,-0.400812784884398,-0.015385,1,-0.6589744436774078,0.1600031796843969,0,0,0,0,0,1,0,1,0,0,0,0,0,0,0,0,0,0,0,0,0,0,0,0,0,0,0,0,0,0
0.4,-0.1896149263016747,-0.45407797776463416,-0.5927324653620859,-0.476923,1,-0.6589744436774078,0.1600031796843969,0,0,0,0,0,1,0,1,0,0,0,0,0,0,0,0,0,0,0,0,0,0,0,0,0,0,0,0,0,0
0.5,-0.12660635582318322,-0.45407797776463416,-0.8273009637237044,0.292308,1,-0.6589744436774078,-0.6535723102362648,0,0,0,0,0,1,0,0,0,0,0,0,0,0,0,1,0,0,0,0,0,0,0,0,0,0,0,0,0,0
0.55,-0.19044307837806232,-0.28737588517308993,-0.05962224181295283,-0.507692,-1,0.3369567054572136,0.1600031796843969,0,0,0,0,0,1,0,0,0,1,0,0,0,0,0,0,0,0,0,0,0,0,0,0,0,0,0,0,0,0
0.35,-0.18726849541857646,-0.37072693146886204,-0.8486253726656697,-0.230769,-1,-0.6589744436774078,-1.4671478001569265,0,0,0,0,0,1,0,1,0,0,0,0,0,0,0,0,0,0,0,0,0,0,0,0,0,0,0,0,0,0
0.5,-0.12660635582318322,-0.45407797776463416,-0.8273009637237044,0.292308,-1,-0.6589744436774078,-0.6535723102362648,0,0,0,0,0,1,0,0,0,0,0,0,0,0,0,1,0,0,0,0,0,0,0,0,0,0,0,0,0,0
0.5,-0.19230642054993446,-0.45407797776463416,-0.27286633123260606,-0.2,-1,0.3369567054572136,0.1600031796843969,0,0,0,0,0,1,0,1,0,0,0,0,0,0,0,0,0,0,0,0,0,0,0,0,0,0,0,0,0,0
0.45,-0.1818164942490246,-0.37072693146886204,-0.9765718263174616,0.015385,-1,-1.1569400182447185,-1.4671478001569265,0,0,0,0,0,1,0,1,0,0,0,0,0,0,0,0,0,0,0,0,0,0,0,0,0,0,0,0,0,0
0.35,-0.18726849541857646,-0.37072693146886204,-0.7633277368978084,-0.230769,-1,-0.6589744436774078,0.1600031796843969,0,0,0,0,0,1,0,1,0,0,0,0,0,0,0,0,0,0,0,0,0,0,0,0,0,0,0,0,0,0
0.55,-0.19071912907019153,-0.37072693146886204,-0.31551514911653666,-0.415385,-1,0.3369567054572136,0.1600031796843969,0,0,0,0,0,1,0,1,0,0,0,0,0,0,0,0,0,0,0,0,0,0,0,0,0,0,0,0,0,0
0.45,-0.1818164942490246,-0.37072693146886204,-0.9765718263174616,0.015385,-1,-1.1569400182447185,-1.4671478001569265,0,0,0,0,0,1,0,0,0,0,0,0,0,0,0,1,0,0,0,0,0,0,0,0,0,0,0,0,0,0
0.4,-0.1898219643207716,-0.45407797776463416,-0.933923008433531,-0.015385,-1,-0.6589744436774078,-1.4671478001569265,0,0,0,0,0,1,0,1,0,0,0,0,0,0,0,0,0,0,0,0,0,0,0,0,0,0,0,0,0,0
0.5,-0.19230642054993446,-0.45407797776463416,-0.3794883759424327,-0.353846,-1,0.3369567054572136,0.1600031796843969,0,0,0,0,0,1,0,0,0,1,0,0,0,0,0,0,0,0,0,0,0,0,0,0,0,0,0,0,0,0
0.4,-0.1896149263016747,-0.45407797776463416,-0.5927324653620859,-0.476923,-1,-0.6589744436774078,0.1600031796843969,0,0,0,0,0,1,0,0,0,0,0,0,0,0,0,1,0,0,0,0,0,0,0,0,0,0,0,0,0,0
0.6,-0.1539353743439747,-0.037322746285773555,0.47348798173618023,0.169231,1,2.3288190037264562,1.7871541595257203,0,0,0,0,0,0,1,0,0,0,0,0,0,0,0,1,0,0,0,0,0,0,0,0,0,0,0,0,0,0
0.6,-0.1539353743439747,-0.037322746285773555,0.47348798173618023,0.169231,1,2.3288190037264562,1.7871541595257203,0,0,0,0,0,0,1,0,0,0,0,0,0,0,0,0,0,0,0,0,0,0,0,0,0,0,0,1,0,0
0.6,-0.1892008502634809,-0.2040248388773178,-0.6140568743040512,-0.015385,1,-0.6589744436774078,0.1600031796843969,0,0,0,0,0,0,1,0,0,0,0,0,0,0,0,0,0,0,0,0,0,1,0,0,0,0,0,0,0,0
0.55,0.08001758723552822,-0.45407797776463416,-0.10227105969688348,0.723077,1,0.3369567054572136,0.1600031796843969,0,0,0,0,0,0,1,1,0,0,0,0,0,0,0,0,0,0,0,0,0,0,0,0,0,0,0,0,0,0
0.55,0.08001758723552822,-0.45407797776463416,-0.10227105969688348,0.753846,1,0.3369567054572136,0.1600031796843969,0,0,0,0,0,0,1,0,0,0,0,0,0,0,0,0,0,0,0,0,0,0,0,0,0,0,0,1,0,0
0.45,0.4992005632337291,3.713474337023972,-0.933923008433531,0.046154,1,-0.6589744436774078,-1.4671478001569265,0,0,0,0,0,0,1,1,0,0,0,0,0,0,0,0,0,0,0,0,0,0,0,0,0,0,0,0,0,0
0.35,-0.17636449307947277,-0.45407797776463416,-0.6780301011299471,0.538462,1,-0.6589744436774078,0.1600031796843969,0,0,0,0,0,0,1,1,0,0,0,0,0,0,0,0,0,0,0,0,0,0,0,0,0,0,0,0,0,0
0.35,0.2014798917723793,0.37943248519308703,-0.7846521458397737,-0.261538,1,-0.6589744436774078,-0.6535723102362648,0,0,0,0,0,0,1,0,0,0,0,0,0,0,0,0,0,0,0,0,0,0,0,0,0,0,0,1,0,0
0.1,-0.19127123045444996,-0.45407797776463416,-0.05962224181295283,-0.230769,1,0.3369567054572136,0.1600031796843969,0,0,0,0,0,0,1,1,0,0,0,0,0,0,0,0,0,0,0,0,0,0,0,0,0,0,0,0,0,0
0.35,0.2014798917723793,-0.037322746285773555,-0.6993545100719125,-0.261538,1,0.3369567054572136,1.7871541595257203,0,0,0,0,0,0,1,0,0,0,0,0,0,0,0,0,0,0,0,0,0,0,0,0,0,0,0,1,0,0
0.4,-0.13281749639609036,-0.28737588517308993,-0.4221371938263633,-0.507692,1,2.3288190037264562,1.7871541595257203,0,0,0,0,0,0,1,1,0,0,0,0,0,0,0,0,0,0,0,0,0,0,0,0,0,0,0,0,0,0
0.35,0.2014798917723793,0.37943248519308703,-0.7846521458397737,-0.261538,1,-0.6589744436774078,-0.6535723102362648,0,0,0,0,0,0,1,0,0,0,0,0,0,0,0,0,0,0,0,0,0,0,0,0,0,0,0,1,0,0
0.45,-0.09568867830471203,-0.37072693146886204,-0.5714080564201205,-0.415385,1,0.3369567054572136,0.1600031796843969,0,0,0,0,0,0,1,1,0,0,0,0,0,0,0,0,0,0,0,0,0,0,0,0,0,0,0,0,0,0
0.4,-0.13281749639609036,-0.37072693146886204,-0.5074348295942246,-0.107692,1,0.3369567054572136,0.1600031796843969,0,0,0,0,0,0,1,0,0,0,0,0,0,0,0,0,0,0,0,0,0,0,0,0,0,0,0,1,0,0
-0.1,-0.19203036985780528,-0.45407797776463416,0.04699980289687378,-0.107692,1,2.3288190037264562,1.7871541595257203,0,0,0,0,0,0,1,1,0,0,0,0,0,0,0,0,0,0,0,0,0,0,0,0,0,0,0,0,0,0
0.55,0.8466793719513683,-0.45407797776463416,-0.8592875771366524,0.323077,1,-1.1569400182447185,-1.4671478001569265,0,0,0,0,0,0,1,0,0,0,0,0,0,0,0,0,0,0,0,0,0,0,0,0,0,0,0,1,0,0
0.35,0.2014798917723793,0.37943248519308703,-0.7420033279558431,-0.046154,1,0.3369567054572136,0.1600031796843969,0,0,0,0,0,0,1,0,0,0,0,0,0,0,0,0,0,0,0,0,0,1,0,0,0,0,0,0,0,0
0.45,-0.09568867830471203,-0.037322746285773555,-0.6140568743040512,0.169231,1,-0.6589744436774078,0.1600031796843969,0,0,0,0,0,0,1,0,0,0,0,0,0,0,0,0,0,0,0,0,0,0,0,0,0,0,0,1,0,0
0.4,-0.13281749639609036,-0.037322746285773555,-0.5074348295942246,-0.446154,1,0.3369567054572136,0.1600031796843969,0,0,0,0,0,0,1,0,0,0,0,0,0,0,0,0,0,0,0,0,0,1,0,0,0,0,0,0,0,0
0.35,0.2014798917723793,-0.12067379258154567,-0.7420033279558431,-0.323077,1,0.3369567054572136,0.1600031796843969,0,0,0,0,0,0,1,1,0,0,0,0,0,0,0,0,0,0,0,0,0,0,0,0,0,0,0,0,0,0
0.2,-0.19182333183870837,-0.45407797776463416,-0.05962224181295283,-0.230769,1,0.3369567054572136,0.1600031796843969,0,0,0,0,0,0,1,0,0,1,0,0,0,0,0,0,0,0,0,0,0,0,0,0,0,0,0,0,0,0
0.45,0.08367525890624022,-0.45407797776463416,0.5801100264460068,0.507692,1,0.3369567054572136,1.7871541595257203,0,0,0,0,0,0,1,1,0,0,0,0,0,0,0,0,0,0,0,0,0,0,0,0,0,0,0,0,0,0
0.5,-0.18851072353315787,-0.45407797776463416,-0.5287592385361899,0.015385,-1,0.3369567054572136,1.7871541595257203,0,0,0,0,0,0,1,1,0,0,0,0,0,0,0,0,0,0,0,0,0,0,0,0,0,0,0,0,0,0
0.35,0.2014798917723793,0.37943248519308703,-0.7846521458397737,-0.261538,-1,-0.6589744436774078,-0.6535723102362648,0,0,0,0,0,0,1,0,0,0,0,0,0,0,0,0,0,0,0,0,0,0,0,0,0,0,0,1,0,0
0.35,-0.17636449307947277,-0.45407797776463416,-0.6780301011299471,0.538462,-1,-0.6589744436774078,0.1600031796843969,0,0,0,0,0,0,1,0,0,1,0,0,0,0,0,0,0,0,0,0,0,0,0,0,0,0,0,0,0,0
0.6,-0.19196135718477297,-0.45407797776463416,-0.05962224181295283,-0.107692,-1,0.3369567054572136,0.1600031796843969,0,0,0,0,0,0,1,0,0,0,0,0,0,0,0,1,0,0,0,0,0,0,0,0,0,0,0,0,0,0
0.75,-0.1922374078769022,-0.45407797776463416,0.04699980289687378,-0.292308,-1,2.3288190037264562,1.7871541595257203,0,0,0,0,0,0,1,0,0,1,0,0,0,0,0,0,0,0,0,0,0,0,0,0,0,0,0,0,0,0
0.45,-0.09568867830471203,-0.2040248388773178,-0.5287592385361899,-0.353846,-1,0.3369567054572136,1.7871541595257203,0,0,0,0,0,0,1,1,0,0,0,0,0,0,0,0,0,0,0,0,0,0,0,0,0,0,0,0,0,0
0.4,-0.13281749639609036,-0.41240245461674807,-0.27286633123260606,-0.323077,-1,2.3288190037264562,1.7871541595257203,0,0,0,0,0,0,1,0,0,1,0,0,0,0,0,0,0,0,0,0,0,0,0,0,0,0,0,0,0,0
0.45,-0.09568867830471203,-0.037322746285773555,-0.5287592385361899,-0.353846,-1,0.3369567054572136,1.7871541595257203,0,0,0,0,0,0,1,0,0,0,0,0,0,0,0,0,0,0,0,0,0,1,0,0,0,0,0,0,0,0
0.4,-0.13281749639609036,-0.037322746285773555,-0.4221371938263633,-0.507692,-1,2.3288190037264562,1.7871541595257203,0,0,0,0,0,0,1,0,0,0,0,0,0,0,0,0,0,0,0,0,0,1,0,0,0,0,0,0,0,0
0.35,0.2014798917723793,-0.037322746285773555,-0.7846521458397737,-0.261538,1,-0.6589744436774078,-0.6535723102362648,0,0,0,0,0,0,1,1,0,0,0,0,0,0,0,0,0,0,0,0,0,0,0,0,0,0,0,0,0,0
0.75,-0.1922374078769022,-0.45407797776463416,0.04699980289687378,-0.292308,1,2.3288190037264562,1.7871541595257203,0,0,0,0,0,0,1,0,0,1,0,0,0,0,0,0,0,0,0,0,0,0,0,0,0,0,0,0,0,0
0.4,-0.13281749639609036,-0.37072693146886204,-0.46478601171029393,-0.476923,1,0.3369567054572136,1.7871541595257203,0,0,0,0,0,0,1,1,0,0,0,0,0,0,0,0,0,0,0,0,0,0,0,0,0,0,0,0,0,0
0.4,-0.13281749639609036,-0.41240245461674807,-0.27286633123260606,-0.323077,1,2.3288190037264562,1.7871541595257203,0,0,0,0,0,0,1,0,0,1,0,0,0,0,0,0,0,0,0,0,0,0,0,0,0,0,0,0,0,0
0.55,0.08001758723552822,-0.45407797776463416,-0.05962224181295283,0.569231,1,0.3369567054572136,1.7871541595257203,0,0,0,0,0,0,1,1,0,0,0,0,0,0,0,0,0,0,0,0,0,0,0,0,0,0,0,0,0,0
0.45,-0.09568867830471203,-0.037322746285773555,-0.5287592385361899,-0.353846,1,0.3369567054572136,1.7871541595257203,0,0,0,0,0,0,1,0,0,0,0,0,0,0,0,0,0,0,0,0,0,1,0,0,0,0,0,0,0,0
0.35,0.2014798917723793,-0.037322746285773555,-0.7846521458397737,-0.261538,-1,-0.6589744436774078,-0.6535723102362648,0,0,0,0,0,0,1,1,0,0,0,0,0,0,0,0,0,0,0,0,0,0,0,0,0,0,0,0,0,0
0.35,0.2014798917723793,0.37943248519308703,-0.7846521458397737,-0.261538,-1,-0.6589744436774078,-0.6535723102362648,0,0,0,0,0,0,1,0,0,0,0,0,0,0,0,0,0,0,0,0,0,0,0,0,0,0,0,1,0,0
0.45,0.4992005632337291,1.2129429481508083,-0.8912741905496003,-0.046154,-1,-0.6589744436774078,-0.6535723102362648,0,0,0,0,0,0,1,0,0,0,0,0,0,0,0,1,0,0,0,0,0,0,0,0,0,0,0,0,0,0
0.65,-0.19203036985780528,-0.45407797776463416,0.04699980289687378,-0.292308,-1,2.3288190037264562,1.7871541595257203,0,0,0,0,0,0,1,0,0,0,0,0,0,0,0,1,0,0,0,0,0,0,0,0,0,0,0,0,0,0
0.5,-0.015633977587242,-0.45407797776463416,0.260243892316527,0.938462,-1,0.3369567054572136,0.1600031796843969,0,0,0,0,0,0,1,1,0,0,0,0,0,0,0,0,0,0,0,0,0,0,0,0,0,0,0,0,0,0
0.1,-0.17463917625366523,-0.45407797776463416,-0.933923008433531,0.538462,-1,-0.6589744436774078,-0.6535723102362648,0,0,0,0,0,0,1,0,0,1,0,0,0,0,0,0,0,0,0,0,0,0,0,0,0,0,0,0,0,0
0.45,-0.19175431916567606,-0.2040248388773178,-0.8912741905496003,0.169231,-1,-0.6589744436774078,-0.6535723102362648,0,0,0,0,0,0,1,1,0,0,0,0,0,0,0,0,0,0,0,0,0,0,0,0,0,0,0,0,0,0
0.55,0.36069212845789944,-0.45407797776463416,-0.8912741905496003,0.723077,-1,-1.4059228055283737,-2.2807232900775882,0,0,0,0,0,0,1,1,0,0,0,0,0,0,0,0,0,0,0,0,0,0,0,0,0,0,0,0,0,0
0.35,0.2014798917723793,-0.037322746285773555,-0.7846521458397737,-0.261538,1,-0.6589744436774078,-0.6535723102362648,0,0,0,0,0,0,1,1,0,0,0,0,0,0,0,0,0,0,0,0,0,0,0,0,0,0,0,0,0,0
0.3,-0.19168530649264376,-0.2040248388773178,-0.8912741905496003,0.169231,1,-0.6589744436774078,-0.6535723102362648,0,0,0,0,0,0,1,0,0,0,0,0,0,0,0,0,0,0,0,0,0,0,1,0,0,0,0,0,0,0
0.45,-0.09568867830471203,-0.28737588517308993,-0.6140568743040512,-0.353846,1,-0.6589744436774078,0.1600031796843969,0,0,0,0,0,0,1,0,0,0,0,0,0,0,0,0,0,0,0,0,0,0,0,0,0,0,0,1,0,0
0.45,-0.09568867830471203,-0.2040248388773178,-0.6140568743040512,0.046154,1,-0.6589744436774078,0.1600031796843969,0,0,0,0,0,0,1,0,0,0,0,0,0,0,0,0,0,0,0,0,0,1,0,0,0,0,0,0,0,0
0.4,-0.13281749639609036,-0.41240245461674807,-0.4221371938263633,-0.507692,1,2.3288190037264562,1.7871541595257203,0,0,0,0,0,0,1,0,0,0,0,0,0,0,0,0,0,0,0,0,0,0,0,0,0,0,0,1,0,0
0.55,-0.03198998109589751,-0.45407797776463416,-0.8273009637237044,-0.323077,1,-0.6589744436774078,0.1600031796843969,0,0,0,0,0,0,1,0,0,0,0,0,0,0,0,0,0,0,0,0,0,1,0,0,0,0,0,0,0,0
0.1,-0.17463917625366523,-0.45407797776463416,-0.933923008433531,0.538462,1,-0.6589744436774078,-0.6535723102362648,0,0,0,0,0,0,1,0,0,1,0,0,0,0,0,0,0,0,0,0,0,0,0,0,0,0,0,0,0,0
0.5,-0.10673070598988031,-0.45407797776463416,-0.8912741905496003,0.169231,1,-0.6589744436774078,-0.6535723102362648,0,0,0,0,0,0,1,0,0,0,0,0,0,0,0,0,0,0,0,0,0,0,1,0,0,0,0,0,0,0
0.55,0.36069212845789944,-0.45407797776463416,-0.8912741905496003,0.723077,1,-1.4059228055283737,-2.2807232900775882,0,0,0,0,0,0,1,1,0,0,0,0,0,0,0,0,0,0,0,0,0,0,0,0,0,0,0,0,0,0
0.5,-0.015633977587242,-0.45407797776463416,0.260243892316527,0.938462,1,0.3369567054572136,0.1600031796843969,0,0,0,0,0,0,1,1,0,0,0,0,0,0,0,0,0,0,0,0,0,0,0,0,0,0,0,0,0,0
0.35,0.2014798917723793,-0.037322746285773555,-0.7846521458397737,-0.261538,-1,-0.6589744436774078,-0.6535723102362648,0,0,0,0,0,0,1,1,0,0,0,0,0,0,0,0,0,0,0,0,0,0,0,0,0,0,0,0,0,0
0.55,1.4481938301009105,-0.45407797776463416,-0.8592875771366524,0.323077,-1,-1.1569400182447185,-1.4671478001569265,0,0,0,0,0,0,1,0,0,1,0,0,0,0,0,0,0,0,0,0,0,0,0,0,0,0,0,0,0,0
0.45,-0.09568867830471203,-0.28737588517308993,-0.5287592385361899,-0.107692,-1,0.3369567054572136,1.7871541595257203,0,0,0,0,0,0,1,1,0,0,0,0,0,0,0,0,0,0,0,0,0,0,0,0,0,0,0,0,0,0
0.35,0.2014798917723793,-0.037322746285773555,-0.7846521458397737,-0.261538,-1,-0.6589744436774078,-0.6535723102362648,0,0,0,0,0,0,1,1,0,0,0,0,0,0,0,0,0,0,0,0,0,0,0,0,0,0,0,0,0,0
0.4,-0.13281749639609036,-0.41240245461674807,-0.46478601171029393,-0.107692,-1,0.3369567054572136,1.7871541595257203,0,0,0,0,0,0,1,0,0,0,0,0,0,0,0,0,0,0,0,0,0,1,0,0,0,0,0,0,0,0
0.25,-0.1889247995713517,-0.45407797776463416,-0.37968029562291034,-0.076923,-1,0.3369567054572136,0.1600031796843969,0,0,0,0,0,0,1,0,0,1,0,0,0,0,0,0,0,0,0,0,0,0,0,0,0,0,0,0,0,0
0.35,0.2014798917723793,0.37943248519308703,-0.7846521458397737,-0.261538,1,-0.6589744436774078,-0.6535723102362648,0,0,0,0,0,0,1,0,0,0,0,0,0,0,0,0,0,0,0,0,0,0,0,0,0,0,0,1,0,0
0.25,-0.1889247995713517,-0.45407797776463416,-0.37968029562291034,-0.076923,1,0.3369567054572136,0.1600031796843969,0,0,0,0,0,0,1,0,0,1,0,0,0,0,0,0,0,0,0,0,0,0,0,0,0,0,0,0,0,0
0.6,0.4132797853085134,-0.45407797776463416,-0.869949781607635,0.261538,1,-0.6589744436774078,-0.6535723102362648,0,0,0,0,0,0,1,0,0,0,0,0,0,0,0,0,0,0,0,0,0,0,0,0,0,0,0,1,0,0
0.55,6.829526022467672,-0.45407797776463416,-0.8273009637237044,-0.107692,1,-0.6589744436774078,-0.6535723102362648,0,0,0,0,0,0,1,1,0,0,0,0,0,0,0,0,0,0,0,0,0,0,0,0,0,0,0,0,0,0
0.65,-0.17767573386708652,-0.45407797776463416,-0.5287592385361899,-0.323077,1,0.3369567054572136,1.7871541595257203,0,0,0,0,0,0,1,0,0,0,0,0,0,0,0,0,0,0,0,0,0,1,0,0,0,0,0,0,0,0
0.3,-0.19209938253083758,-0.45407797776463416,-0.5500836474781552,0.353846,1,-0.6589744436774078,-0.6535723102362648,0,0,0,0,0,0,1,1,0,0,0,0,0,0,0,0,0,0,0,0,0,0,0,0,0,0,0,0,0,0
0.15,-0.18671639403431803,-0.45407797776463416,-0.7146867601011856,-0.2,1,-0.6589744436774078,0.1600031796843969,0,0,0,0,0,0,1,1,0,0,0,0,0,0,0,0,0,0,0,0,0,0,0,0,0,0,0,0,0,0
0.15,-0.18671639403431803,-0.45407797776463416,-0.7739899413687911,-0.353846,1,-0.6589744436774078,0.1600031796843969,0,0,0,0,0,0,1,1,0,0,0,0,0,0,0,0,0,0,0,0,0,0,0,0,0,0,0,0,0,0
0.35,0.2014798917723793,0.37943248519308703,-0.7846521458397737,-0.261538,1,-0.6589744436774078,-0.6535723102362648,0,0,0,0,0,0,1,0,0,0,0,0,0,0,0,0,0,0,0,0,0,0,0,0,0,0,0,1,0,0
0.3,-0.19209938253083758,-0.45407797776463416,-0.5500836474781552,0.353846,1,-0.6589744436774078,-0.6535723102362648,0,0,0,0,0,0,1,1,0,0,0,0,0,0,0,0,0,0,0,0,0,0,0,0,0,0,0,0,0,0
0.15,-0.18671639403431803,-0.45407797776463416,-0.7146867601011856,-0.2,1,-0.6589744436774078,0.1600031796843969,0,0,0,0,0,0,1,1,0,0,0,0,0,0,0,0,0,0,0,0,0,0,0,0,0,0,0,0,0,0
0.65,-0.17767573386708652,-0.45407797776463416,-0.5287592385361899,-0.323077,1,0.3369567054572136,1.7871541595257203,0,0,0,0,0,0,1,0,0,0,0,0,0,0,0,0,0,0,0,0,0,1,0,0,0,0,0,0,0,0
0.15,-0.18671639403431803,-0.45407797776463416,-0.7739899413687911,-0.353846,1,-0.6589744436774078,0.1600031796843969,0,0,0,0,0,0,1,0,0,0,0,0,0,0,0,0,0,0,0,0,0,0,0,0,0,0,0,1,0,0
0.35,0.2014798917723793,0.37943248519308703,-0.7846521458397737,-0.261538,-1,-0.6589744436774078,-0.6535723102362648,0,0,0,0,0,0,1,0,0,0,0,0,0,0,0,0,0,0,0,0,0,0,0,0,0,0,0,1,0,0
0.55,6.829526022467672,-0.45407797776463416,-0.8273009637237044,-0.107692,-1,-0.6589744436774078,-0.6535723102362648,0,0,0,0,0,0,1,1,0,0,0,0,0,0,0,0,0,0,0,0,0,0,0,0,0,0,0,0,0,0
